minute,ladevorgang_114,ladevorgang_120,ladevorgang_117,ladevorgang_144,ladevorgang_259,ladevorgang_265,ladevorgang_271,ladevorgang_279,ladevorgang_290,ladevorgang_301,ladevorgang_302,ladevorgang_322,ladevorgang_323,ladevorgang_454,ladevorgang_499,ladevorgang_504,ladevorgang_850,ladevorgang_857,ladevorgang_864,ladevorgang_868,ladevorgang_875,ladevorgang_954,ladevorgang_980,ladevorgang_983,ladevorgang_987,ladevorgang_210,ladevorgang_213,ladevorgang_1263,ladevorgang_1268,ladevorgang_1291,ladevorgang_1317,ladevorgang_1381,ladevorgang_1404,ladevorgang_1444,ladevorgang_1447,ladevorgang_1506,ladevorgang_1527,ladevorgang_1539,ladevorgang_1612,ladevorgang_1677,ladevorgang_1692,ladevorgang_1700,ladevorgang_1706,ladevorgang_1716,ladevorgang_1722,ladevorgang_1743,ladevorgang_149,ladevorgang_894,ladevorgang_910,ladevorgang_1228,ladevorgang_1248,ladevorgang_3,ladevorgang_4,ladevorgang_5,ladevorgang_6,ladevorgang_9,ladevorgang_7,ladevorgang_8,ladevorgang_10,ladevorgang_11,ladevorgang_12,ladevorgang_13,ladevorgang_15,ladevorgang_14,ladevorgang_16,ladevorgang_17,ladevorgang_18,ladevorgang_19,ladevorgang_20,ladevorgang_21,ladevorgang_22,ladevorgang_23,ladevorgang_24,ladevorgang_25,ladevorgang_26,ladevorgang_27,ladevorgang_28,ladevorgang_29,ladevorgang_68,ladevorgang_1,ladevorgang_2,ladevorgang_107,ladevorgang_108,ladevorgang_109,ladevorgang_110,ladevorgang_111,ladevorgang_603,ladevorgang_620,ladevorgang_623,ladevorgang_671,ladevorgang_676,ladevorgang_697,ladevorgang_712,ladevorgang_751,ladevorgang_752,ladevorgang_766,ladevorgang_772,ladevorgang_789,ladevorgang_30,ladevorgang_31,ladevorgang_32,ladevorgang_33,ladevorgang_34,ladevorgang_35,ladevorgang_36,ladevorgang_37,ladevorgang_38,ladevorgang_39,ladevorgang_40,ladevorgang_41,ladevorgang_42,ladevorgang_43,ladevorgang_44,ladevorgang_45,ladevorgang_46,ladevorgang_47,ladevorgang_48,ladevorgang_49,ladevorgang_50,ladevorgang_51,ladevorgang_52,ladevorgang_53,ladevorgang_54,ladevorgang_55,ladevorgang_56,ladevorgang_57,ladevorgang_58,ladevorgang_1073,ladevorgang_1091,ladevorgang_1151,ladevorgang_1161,ladevorgang_1204,ladevorgang_1220,ladevorgang_59,ladevorgang_60,ladevorgang_61,ladevorgang_62,ladevorgang_63,ladevorgang_64,ladevorgang_65,ladevorgang_66,ladevorgang_67,ladevorgang_69,ladevorgang_70,ladevorgang_71,ladevorgang_72,ladevorgang_77,ladevorgang_73,ladevorgang_74,ladevorgang_75,ladevorgang_76,ladevorgang_78,ladevorgang_79,ladevorgang_82,ladevorgang_80,ladevorgang_86,ladevorgang_81,ladevorgang_83,ladevorgang_84,ladevorgang_1804,ladevorgang_1851,ladevorgang_1853,ladevorgang_1897,ladevorgang_1944,ladevorgang_2013,ladevorgang_2048,ladevorgang_1067,ladevorgang_1774,ladevorgang_1782,ladevorgang_85,ladevorgang_88,ladevorgang_87,ladevorgang_89,ladevorgang_90,ladevorgang_92,ladevorgang_91,ladevorgang_93,ladevorgang_94,ladevorgang_95,ladevorgang_96,ladevorgang_97,ladevorgang_98,ladevorgang_99,ladevorgang_100,ladevorgang_101,ladevorgang_102,ladevorgang_103,ladevorgang_104,ladevorgang_106,ladevorgang_105,ladevorgang_1071
0,0.0401306115,0.0511717312,0.0394777283,0.0493150577,0.0537314713,0.0478345305,0.0560682714,0.0466254503,0.0477301553,0.0455109142,0.0419162288,0.05116532,0.0461523756,0.0550011061,0.0494515449,0.0510541201,0.072971113,0.0735883266,0.0727167949,0.0731716603,0.377837956,0.0687297657,0.0682488233,0.0680849701,0.066995509,0.045473624,0.0503033996,0.050716456,0.0448822752,0.9377689958,0.0481944382,0.9161657691,0.0493642166,0.0520286821,0.9257064462,0.0533110276,0.0453739688,0.0488299131,0.0527481437,0.0510543622,0.0493061133,0.0496425144,0.0547714941,0.0494014136,0.051568184,0.0508564413,0.0460884571,0.0708930865,0.0721308365,0.0517599359,0.0518509671,0.0318339504,0.0315203071,0.034170825,0.0336788259,0.0285970811,0.0355821885,0.0266113821,0.0305276625,0.0323304199,0.0309730731,0.0365624651,0.0385726765,0.0316688195,0.0354619734,0.0007450151,0.0311236847,-0.0274558868,0.0276596267,0.03419533,0.0007608642,0.0288725197,0.0307311825,0.0315779597,0.0299960952,0.0342183933,0.0313286483,0.0378443226,0.0005983219,0.0333563723,0.0310439672,0.0186634157,0.016163731,0.0235660709,0.020783389,0.0246411972,0.050870128,0.0536922254,0.0531983152,0.0483328924,0.0461950526,0.0445703045,0.0489574596,0.0457453355,0.0393904112,0.0840421319,0.0457464568,0.0454409122,0.0342631936,0.0350478515,0.0006097896,0.0005869217,0.0022987034,0.0088048736,0.0022827126,0.0005788982,0.0024558487,0.0006024995,0.0005920458,0.0006050353,0.0006077542,0.0005927181,0.0071792244,0.0237298273,0.000593657,0.0005837183,0.000603497,0.0006155667,0.0005894913,0.000591114,0.0295276139,0.0232848935,0.0005917618,0.0046688789,0.0038931477,0.0005847611,0.0006004963,0.0570387691,0.0549051948,0.0556983165,0.0690733045,0.0529400297,0.0546945632,0.0005747738,0.0005869155,0.0005990305,0.0005857668,0.0005592847,0.0044427896,0.0005889459,0.0005734024,0.0005902381,0.0005584888,0.0005763958,0.0006046133,0.0005858078,0.0005889907,0.0002848281,0.0005725694,0.0005693593,0.0006016751,0.0227508247,0.0005809789,0.0005925302,0.0158405825,0.0005729336,0.0005864334,0.002243201,0.0008706799,0.04518703,0.0529157035,0.9066863656,0.0512250736,0.0426995717,0.0506756343,0.0519852303,0.055443842,0.0506262891,0.0542863421,0.0005950084,0.0264932867,0.0005811424,0.0005647664,0.000585273,0.0005855549,-0.0004037564,0.0005687494,0.0005887456,0.0005801449,0.0005322897,0.0005605519,0.0005717139,0.0005832105,0.00057619,0.0039870869,0.0205478314,0.000570528,0.0005824573,0.0005826221,0.0005615943,0.05629085
5,18.910030365,19.2944412231,22.4746246338,16.2559242249,20.3735466003,20.9268264771,14.7199306488,21.8915176392,20.849407196,20.4099769592,13.6337633133,13.1479120255,20.3793258667,13.2595405579,18.3041591644,20.7721328735,13.3150215149,13.227678299,19.2305297852,16.7004089355,14.6709814072,22.1524562836,20.8663864136,20.6216201782,18.3774108887,15.9888057709,20.1828269958,13.1696157455,13.6523342133,23.6843795776,23.0824680328,13.4498500824,20.285741806,20.8924865723,21.9446220398,20.3652763367,14.0327072144,15.615688324,10.5262889862,15.5715398788,23.7221870422,22.8461685181,18.6038856506,11.683971405,17.4931182861,17.0532035828,12.0307998657,10.8436279297,17.6176719666,13.7523651123,15.0051002502,7.3575878143,6.2577004433,3.5506587029,7.304605484,10.1270341873,7.4261307716,3.0719509125,5.9639348984,3.732170105,9.9529771805,7.325425148,3.7392599583,3.445400238,3.7294859886,3.7384097576,3.7420904636,1.9833300114,3.7248938084,3.6470546722,7.3776245117,4.6298823357,3.7256195545,10.3943090439,3.58589077,3.7309746742,3.6893160343,3.7192585468,3.6674673557,10.9096050262,4.3169641495,6.6206068993,7.1326217651,7.1751880646,3.6008369923,9.2999801636,14.7714290619,19.1405105591,16.9499855042,23.0062484741,23.4155406952,22.3025550842,17.1285991669,18.8774642944,21.817029953,17.7626667023,22.8152523041,15.9420967102,6.6107234955,3.7226047516,3.6929471493,7.3908858299,10.0302143097,3.5668778419,3.5673549175,3.7059476376,6.5701498985,2.3997373581,3.6939804554,2.6330709457,6.5161771774,3.7045416832,3.7121653557,3.7104892731,3.6830403805,6.4331579208,3.6748538017,3.6894481182,3.6771013737,9.9258766174,3.7019662857,7.2094836235,3.6967070103,3.6836233139,10.0991954803,3.7161242962,3.7267034054,17.7634353638,17.0541877747,21.1573371887,15.7846565247,12.1595220566,22.6751918793,3.7122104168,10.2244701385,3.7065644264,3.6904947758,6.7667732239,3.7032513618,3.6658780575,3.677259922,3.6593677998,7.2516064644,3.5745577812,2.4512822628,3.5602428913,17.3744506836,6.4907956123,3.7094819546,7.3361058235,10.0764751434,7.0820388794,10.0782842636,7.225892067,7.2769055367,7.1516294479,3.7046797276,6.5679430962,7.202750206,20.105588913,22.6113586426,23.5474815369,14.0376243591,18.918598175,16.400604248,20.3963241577,23.4191017151,19.568359375,22.7472324371,3.583306551,16.4577636719,3.6320855618,6.4037699699,6.4055972099,16.5669231415,16.4780464172,16.4206962585,3.6302046776,3.7061707973,7.0062470436,6.417224884,7.201444149,7.2656755447,10.3454265594,3.6947727203,10.05859375,7.1608762741,7.1893153191,10.4265117645,7.2461118698,23.083026886
10,16.2133769989,14.4881458282,15.737443924,17.7275924683,20.7556800842,15.6784687042,9.9274635315,12.9625473022,15.7567996979,19.6824626923,7.065308094,8.9002733231,20.7239112854,10.1488170624,18.5842819214,21.4844322205,13.4392910004,9.0410270691,16.2326641083,12.8951539993,12.6166353226,8.905128479,21.1926193237,21.0736999512,10.2030124664,8.6828460693,20.2058963776,12.7165603638,16.0640678406,18.9600162506,23.0969238281,7.3500270844,13.6807250977,17.492061615,14.1924133301,20.6958312988,9.2284946442,0.0506155677,8.9372501373,12.7578611374,19.6930541992,15.4704580307,15.9377193451,8.8068561554,15.1389694214,14.3068389893,8.5614128113,7.8218240738,11.2412366867,12.6008281708,12.6686582565,7.3031392097,6.2541098595,3.5375418663,7.3170976639,10.2587280273,7.4166936874,0.0320766382,5.6341972351,3.7277770042,9.9411869049,0.0360530987,3.721405983,3.5221805573,3.7286167145,3.7315247059,3.7446556091,-0.0208688974,3.734431982,3.6506204605,7.3385233879,4.554192543,3.7000107765,10.4152851105,3.5908517838,3.7411580086,3.6959047318,3.7238590717,3.6875505447,10.9469032288,4.0200414658,6.6186814308,7.222284317,7.156774044,3.5948214531,10.4834108353,12.3579559326,16.2335853577,17.2246799469,19.3923149109,12.3227596283,17.3386554718,12.8422546387,17.9243850708,10.2281942368,9.2995252609,14.9565925598,16.1351089478,6.6423377991,3.7180988789,3.7143621445,7.3674879074,10.0778579712,3.4596743584,3.5860242844,3.689357996,6.5852613449,2.1953790188,3.697817564,2.3192918301,6.5739274025,3.7145287991,3.6878204346,3.6826889515,3.6808300018,6.1231899261,3.6786234379,3.7163410187,3.6666784286,10.1652336121,3.7263810635,7.2043156624,3.6750824451,3.6848840714,10.0813350677,3.6922256947,3.7318167686,15.8428468704,14.764541626,14.3305568695,15.8329277039,9.800907135,19.2979774475,3.6468715668,10.2121906281,3.6876070499,3.6958761215,6.1085596085,3.7008423805,3.6696949005,7.3853673935,3.679861784,7.294242382,3.5719277859,0.0005774279,3.6709244251,11.6074018478,6.4901118279,3.7376101017,7.3325090408,10.1626586914,7.0979032516,10.0977020264,7.2372245789,7.3173933029,7.1574001312,3.6846289635,6.597012043,7.1854782104,0.0495193675,17.4036121368,19.0986385345,11.2985210419,18.9430236816,16.6299247742,16.1322669983,0.0590848774,16.9084472656,19.5324649811,3.6069202423,16.5212402344,3.6622755527,6.4149012566,6.4242510796,16.5999412537,16.534154892,16.5600128174,3.627407074,3.7185599804,7.1413192749,6.3943634033,7.2199831009,7.2332172394,10.3571329117,3.6985657215,9.9612216949,7.154489994,7.1189808846,10.4210691452,7.1918706894,17.9612922668
15,14.2637577057,12.8919754028,11.724401474,20.3474712372,21.0263977051,11.6606121063,0.044448413,8.9829311371,10.9291677475,12.2905158997,5.3387203217,8.8812618256,21.0441608429,8.9317121506,18.7674503326,18.4678192139,9.8766059875,9.0478820801,14.7202701569,11.1724185944,10.5200786591,9.0424003601,16.95013237,19.3147220612,9.1367759705,8.9268417358,20.2946186066,13.1892528534,18.9084625244,15.2792930603,18.3049106598,5.6899065971,9.8380384445,12.0017776489,10.2307844162,21.0014400482,7.0507621765,,7.303399086,10.1442070007,16.0563735962,12.799407959,13.9831724167,6.916200161,12.7455663681,12.6892061234,7.3135595322,0.072087504,6.8020062447,0.0496430248,11.5216608047,7.2997698784,6.2334709167,3.4882829189,7.2629528046,9.8017320633,7.4157958031,,5.3125519753,3.7334814072,10.0401172638,,3.7306661606,3.5037610531,3.7329537868,3.7351558208,3.7364616394,,3.732872963,3.597189188,7.3197212219,4.5511751175,3.7348582745,10.4712409973,3.6023819447,3.7334697247,3.6872644424,3.7306423187,3.6964631081,10.9507493973,4.038090229,6.5931620598,7.2582921982,7.1275510788,3.5652010441,10.4854879379,10.6094503403,14.4004802704,17.4301567078,14.0966930389,9.2999696732,13.6579151154,9.8014068604,16.4406337738,9.9470329285,9.289855957,9.0261831284,16.2487926483,6.6502962112,3.7116594315,3.7253184319,7.3735046387,10.1140937805,3.5564365387,3.5690028667,3.6941616535,6.5869412422,2.2087991238,3.722291708,2.204679966,6.571454525,3.70977211,3.6883947849,3.6855666637,3.682446003,6.0977296829,3.682230711,3.6913435459,3.637387991,10.335975647,3.7092409134,7.2040104866,3.6788654327,3.6955740452,10.1056280136,3.6909453869,3.7339780331,14.3340101242,13.66056633,9.453584671,15.6163063049,6.7546958923,0.0583858751,3.6491594315,10.200969696,3.7136986256,3.699460268,2.5186526775,3.6922941208,3.6687207222,7.3801050186,3.6656036377,7.2474899292,3.4958508015,,3.6830773354,11.648560524,6.4889593124,3.6941158772,7.3265528679,10.1295604706,7.0848798752,10.0422582626,7.1802616119,7.2964615822,7.1286406517,3.6905913353,6.5955348015,7.1912727356,,15.8610305786,15.9345607758,8.9510641098,18.9911766052,16.8667297363,12.0920677185,,15.3415813446,16.7338371277,3.5374529362,16.524312973,3.5987386703,6.4107437134,6.4009361267,16.6100463867,16.5755596161,16.5710639954,3.5911860466,3.7295255661,7.0390224457,6.4377980232,7.2064390182,7.2055587769,10.332362175,3.6959922314,10.0622348785,7.1783342361,7.0844564438,10.3920440674,7.1644148827,11.9644060135
20,12.7099742889,12.3032398224,8.1666612625,0.0488451831,15.1009693146,8.1301078796,,9.1390447617,0.0500698797,0.0474813655,4.6557645798,8.9325637817,16.4661769867,7.7187948227,20.0642318726,0.0491242036,8.9524765015,9.031785965,13.6136693954,9.9208555222,8.7344264984,9.1149501801,0.0786135644,13.152100563,9.1327390671,9.0388212204,20.4620895386,8.1309185028,0.0487689599,0.0531329364,18.1963005066,4.5065250397,7.3318357468,9.6377029419,7.3046770096,14.7325611115,5.3353657722,,6.1012973785,8.551530838,13.2252864838,10.6422348022,12.0081987381,5.2782297134,11.1796340942,11.5799245834,6.1150040627,,4.856253624,,10.1162776947,7.2622404099,6.2365093231,3.5329349041,7.320119381,8.9883356094,7.3732452393,,4.9808988571,3.731544733,10.0384521484,,3.7305696011,3.5031015873,3.7320313454,3.7364215851,3.7466745377,,3.7385134697,3.6176126003,7.3325510025,4.5507078171,3.733714819,10.5279636383,3.597728014,3.7310154438,3.6983931065,3.6916518211,3.7034971714,10.9818325043,3.7208814621,6.5937838554,7.2199368477,7.1960711479,3.636480093,10.4818906784,8.9480066299,0.0552061982,0.0546209589,10.2281932831,9.0806884766,10.4456787109,7.3059682846,15.4027175903,9.923951149,0.0565654226,6.9253144264,15.9362945557,6.6312055588,3.718744278,3.7139661312,7.3607754707,10.0790615082,3.5647325516,3.5832128525,3.7057602406,6.5543923378,2.0951058865,3.6975796223,1.8736752272,6.5686593056,3.7176499367,3.6935732365,3.6721830368,3.6873395443,0.0005913877,3.7052569389,3.7208848,3.6065471172,9.3736829758,3.7123100758,7.2098436356,3.6813929081,3.7025620937,10.0642986298,3.704406023,3.7059686184,12.8082370758,12.1067523956,6.579419136,13.9638652802,5.4464359283,,3.604061842,10.2208747864,3.6896371841,3.6988115311,0.0005976114,3.7253742218,3.6848120689,7.376885891,3.681355238,7.253057003,3.4987261295,,3.682723999,4.4628314972,6.4946465492,3.7235574722,7.3299827576,10.2061710358,7.0646071434,10.097366333,0.0026572905,7.2957448959,7.1283488274,3.6673657894,6.577600956,7.1732549667,,13.4947071075,13.5148487091,7.3133072853,21.9786376953,17.2017211914,8.9818058014,,13.9086370468,14.7690849304,3.5334038734,16.4823322296,3.6090199947,6.4280028343,6.402367115,16.7005195618,16.5931739807,16.5237445831,3.5789179802,3.7368042469,7.0549459457,6.4081845284,7.1738920212,7.1909255981,10.3116807938,3.7094564438,10.0603733063,7.1940565109,7.1745877266,10.2952470779,7.1343803406,7.8148193359
25,11.1274147034,12.6860179901,6.6834020615,,0.0480471961,6.4952907562,,9.0049476624,,,0.0508424193,9.0210895538,10.6331043243,6.5129218102,20.4824180603,,9.2390556335,9.0016078949,12.4649944305,0.0828750432,7.5060176849,9.0054912567,,9.8526945114,0.0833780542,9.0417804718,20.5845756531,5.5786409378,,,15.2504453659,3.6491112709,5.6975851059,7.0424728394,5.7381205559,0.0588241741,4.3185038567,,5.3017692566,7.2749881744,0.0562583432,8.9636650085,10.5580396652,0.0516114607,8.9412212372,9.7434158325,5.3038144112,,3.7898783684,,9.3378582001,7.2737560272,6.2300233841,3.5390474796,7.327893734,6.7769656181,7.3930301666,,4.6844139099,3.7388904095,10.2354297638,,3.7263689041,3.5005528927,3.7348475456,3.733736515,3.7478513718,,3.7373220921,3.6324262619,7.2795987129,4.5429620743,3.738519907,10.5003757477,3.5642683506,3.7317686081,3.7125990391,3.7372074127,3.6914720535,11.0007820129,3.7123429775,6.5941953659,7.2121453285,7.1861591339,3.6945800781,10.4439277649,0.0463996828,,,7.7327280045,9.356678009,8.1432094574,5.666305542,14.324804306,9.9748010635,,6.1067118645,15.947927475,6.6466093063,3.7178549767,3.6889901161,7.3871555328,10.1274671555,3.5653321743,3.5605022907,3.6961848736,6.5522904396,1.8722648621,3.6939578056,2.1822953224,6.5655341148,3.7108297348,3.7151575089,3.6943609715,3.7221267223,,3.6848571301,3.6957645416,3.6714582443,9.0595035553,3.7131741047,7.1955904961,3.6803090572,3.6874551773,10.1189823151,3.701094389,3.679666996,11.6955289841,10.533616066,5.8109035492,9.8542451859,0.0542149097,,3.5893523693,10.2230443954,3.6972241402,3.7029378414,,3.7168254852,3.707015276,7.4021611214,3.6585006714,7.2368559837,3.471609354,,3.6780354977,4.4677696228,6.5058321953,3.7148981094,7.3314380646,10.115278244,7.0673956871,10.1060066223,,7.27967453,7.097556591,3.7255442142,6.5671863556,7.211540699,,11.8961849213,11.1437540054,5.2614564896,15.5261669159,0.0611034222,7.3569459915,,12.3101596832,12.3788347244,3.5121159554,16.5425548553,3.6185264587,6.3816184998,6.3999247551,16.6057510376,16.5905685425,16.6170387268,3.6566524506,3.7049357891,6.9916930199,6.4326720238,7.1353173256,7.2823162079,10.2867803574,3.6840302944,10.0934066772,7.1961526871,7.0692577362,10.2659912109,7.147854805,6.2077655792
30,9.7873764038,9.2073631287,5.7602310181,,,0.0520385429,,9.1880197525,,,,9.0288391113,0.0531762317,5.6899337769,20.5037765503,,9.0949640274,8.2283124924,11.3066253662,,6.3100423813,8.241856575,,0.0763615593,,8.9080820084,20.3522529602,3.5379323959,,,9.1478223801,3.2607283592,4.4721727371,0.0528909564,4.4293837547,,0.0564758778,,0.0538088307,6.0858111382,,7.751437664,8.9595403671,,7.7277832031,8.5056037903,4.4486207962,,0.0733641014,,8.1068458557,7.2635164261,5.9148793221,3.5449008942,7.2620954514,5.5537843704,7.4056582451,,4.7363004684,3.7382304668,9.30423069,,3.7500963211,3.479152441,3.7423474789,3.7422420979,3.7443292141,,3.7395713329,3.6076350212,7.3018827438,4.5516805649,3.7320044041,10.4815292358,3.6030762196,3.7220981121,3.7133572102,3.7319822311,1.4672188759,10.9684467316,3.4097533226,6.6006522179,7.2051534653,7.1828870773,3.721930027,10.4581260681,,,,6.0724363327,9.1704387665,6.4724359512,4.854572773,13.6299591064,0.0493168868,,4.5157599449,16.0401000977,6.6276626587,3.7136363983,3.7120203972,7.3799920082,10.1396198273,3.4470365047,3.5666325092,3.6897921562,6.5538020134,1.7575354576,3.7251479626,2.0866219997,6.5584979057,3.7376782894,3.7041323185,3.7124142647,3.6908791065,,3.6888468266,3.698028326,3.6306591034,9.0604019165,3.7091360092,7.1879076958,3.6831789017,3.6946549416,10.1062259674,3.7072417736,3.6934165955,10.2293787003,9.7535123825,4.5842046738,10.5426111221,,,3.5718662739,10.2032003403,3.719212532,3.6988494396,,3.7210447788,3.6817374229,7.4324207306,3.667901516,7.2321534157,3.4381461143,,3.6800971031,4.4655284882,6.49411726,3.7123682499,7.3413639069,10.0914268494,7.0459427834,9.9952545166,,7.2871437073,7.0596199036,3.6893849373,6.5922403336,7.1466426849,,10.4958934784,8.9164218903,4.935839653,15.6386699677,,6.1591472626,,10.5456724167,10.5888767242,3.5355474949,16.4837913513,3.6404004097,6.4229416847,6.3952307701,16.6434650421,16.5717639923,16.6537780762,3.6848175526,3.6689562798,7.0259866714,6.3796954155,7.1413698196,7.2266259193,10.3079586029,3.7308835983,10.0113735199,7.1681346893,7.089697361,10.2383728027,7.1180772781,5.3973808289
35,8.1143989563,8.8739671707,4.457449913,,,,,9.2403898239,,,,8.9661493301,,4.8681755066,20.1541805267,,7.7343797684,0.0834137946,9.739821434,,5.502395153,4.6193227768,,,,9.0744600296,20.4637851715,3.0565977097,,,6.6776132584,2.4381415844,4.0456209183,,3.691411972,,,,,4.8797121048,,6.9080371857,7.734167099,,6.4820313454,7.7140417099,4.0601763725,,,,7.3027296066,7.3163385391,5.9274053574,3.4651186466,7.3076615334,4.3579092026,7.4087200165,,4.7387447357,3.7396407127,9.0158977509,,3.7422876358,3.5247430801,3.7473571301,3.7302343845,3.7412817478,,3.7397391796,3.5887510777,7.3004770279,4.558131218,3.737005949,10.4988422394,3.6022777557,3.7362380028,3.7095429897,3.7353997231,0.6665485501,11.0066432953,3.4080648422,6.591542244,7.1925225258,7.1819925308,3.7083053589,10.3917369843,,,,5.7153329849,0.053792391,0.0470307693,0.0553640984,12.9298458099,,,0.0502696186,16.1066055298,6.6191825867,3.71860075,3.6822013855,7.3749966621,10.1351642609,3.5706267357,3.5665307045,3.7097024918,6.5660834312,0.0006055984,3.6995432377,0.0005974507,6.5551376343,3.7340760231,3.6996376514,3.6964275837,3.6858518124,,3.6868293285,3.6955788136,3.6369731426,9.0690937042,3.712389946,7.2084197998,3.7083435059,3.7163681984,10.0986003876,3.7040584087,3.7230370045,9.0258750916,8.526102066,3.7852263451,9.1558828354,,,3.6273961067,10.108001709,3.7051444054,3.7224905491,,3.7230341434,3.6783857346,7.3893661499,3.6656832695,7.185406208,3.441857338,,3.6815848351,4.4715199471,6.4679689407,3.7530238628,7.2419800758,9.983253479,7.0784850121,10.0868005753,,7.2278437614,7.0762457848,3.7266147137,6.5663294792,7.1863698959,,8.9314537048,7.7081084251,4.10648489,15.4197750092,,5.3501272202,,9.3149204254,8.9480447769,3.5059814453,16.4331932068,3.6363296509,6.3598608971,6.4012498856,0.0005686417,16.5658683777,16.5871543884,3.6602323055,3.6621024609,7.1026773453,6.4194169044,7.1699829102,7.244081974,10.2722883224,3.7330284119,10.0625343323,7.1893882751,7.0672187805,10.2226486206,7.1411151886,5.0135421753
40,7.3035640717,8.7123851776,0.0528198294,,,,,9.5304317474,,,,9.0657787323,,4.0864892006,18.5724067688,,6.0007839203,,8.9896430969,,4.302315712,0.079010278,,,,9.2207050323,20.5421886444,2.320743084,,,4.7399158478,0.0482346565,3.2640724182,,3.1786975861,,,,,4.0840878487,,0.0540243722,6.4998831749,,5.7097969055,6.9042835236,3.2576630116,,,,6.5117554665,7.289311409,5.6307578087,3.5436089039,7.3013043404,3.7948565483,7.3750829697,,4.7361946106,3.7369952202,8.4270401001,,3.7465693951,3.4426000118,3.7312407494,3.7354285717,3.7410120964,,3.7364969254,3.6048150063,7.285089016,4.5554990768,3.7445778847,10.4854230881,3.6059346199,3.7352433205,3.7011086941,3.7365443707,0.0006029129,11.0118980408,3.1138634682,6.5944895744,7.2224969864,7.1739988327,3.7238059044,10.4218826294,,,,4.9039344788,,,,0.0565657467,,,,16.2010192871,6.6303043365,3.716940403,3.6881735325,7.3442630768,10.1401691437,3.4570271969,3.5858333111,3.7003803253,6.5626106262,,3.7372860909,,6.5586996078,3.7045552731,3.7226173878,3.7366170883,3.6859133244,,3.7340540886,3.6969583035,3.6440594196,9.0708255768,3.7064526081,7.2003340721,3.7210528851,3.7196602821,10.1566886902,3.708324194,3.7184402943,8.2058849335,7.763818264,3.4291930199,0.0632123202,,,3.6389288902,6.7008543015,3.6986021996,3.7025532722,,3.6781249046,3.6912434101,7.4313430786,3.6729729176,7.220366478,3.5638995171,,3.6966474056,4.4498510361,6.4970226288,3.7123064995,7.2553944588,10.1229419708,7.0620174408,10.1046686172,,7.2537379265,7.0914616585,3.7028713226,6.5589127541,7.1886377335,,7.8835525513,6.511674881,3.2671618462,0.05291114,,4.0939297676,,8.1069335938,7.7307920456,3.4960198402,16.5303878784,3.6402542591,6.38996315,6.3754620552,,16.5724563599,16.6436271667,3.6286137104,3.6361222267,7.0894522667,6.3979959488,7.1924715042,7.224319458,10.2648038864,3.7736897469,10.0748252869,7.1550049782,7.0676822662,10.2319307327,7.1485643387,4.1944088936
45,6.0899276733,9.0431261063,,,,,,9.3659934998,,,,0.0448087901,,3.6326522827,16.7965240479,,4.3054432869,,0.0775562078,,0.0762389228,,,,,9.1696205139,20.2229881287,0.0481569171,,,3.1693880558,,3.2383246422,,2.4085156918,,,,,0.0498635843,,,0.0528195612,,0.0525819138,5.6953606606,2.827709198,,,,6.0934410095,7.3063950539,5.607550621,3.4512240887,7.2920770645,3.1141335964,7.395485878,,4.701956749,3.7336149216,7.4655656815,,3.7514145374,3.5288934708,3.7359175682,3.7413828373,3.7498223782,,3.7301766872,3.6327974796,7.303208828,4.5634436607,3.7271928787,10.4730052948,3.5885584354,3.7411482334,3.7113177776,3.739068985,,10.9930648804,3.1010432243,6.0108366013,7.2033519745,7.1696267128,3.7109892368,10.4206724167,,,,4.0320167542,,,,,,,,15.8986101151,6.6197514534,3.7173163891,3.7050490379,7.3507351875,10.0670719147,3.4572184086,3.570094347,3.6896886826,6.5559539795,,3.7238316536,,6.5571503639,3.7328617573,3.7523977757,3.6850128174,3.6887700558,,3.689738512,3.6958658695,3.6129481792,9.7166862488,4.8618540764,7.2024097443,3.6888468266,3.6986489296,10.1493377686,3.7250361443,3.7022850513,7.4463605881,6.9919977188,0.1268208921,,,,3.6422908306,6.1353745461,3.7132642269,3.6993119717,,3.6881599426,2.2143697739,7.4050302505,3.6919674873,7.2789139748,3.4855570793,,3.6831686497,4.4504089355,6.4886779785,3.7293348312,7.2616066933,10.1006679535,7.0818724632,10.0400266647,,7.2350711823,7.0803303719,3.697776556,6.5729351044,7.1777906418,,6.9076194763,5.2597799301,2.3911664486,,,3.7030022144,,7.3066210747,6.882733345,3.5452580452,16.7271709442,3.5997223854,6.4234127998,6.3901262283,,16.6735172272,16.5661315918,3.6576802731,3.7145936489,7.097032547,6.3635339737,7.1977939606,7.2395915985,10.3090362549,3.790222168,10.0907802582,7.1547250748,7.0541744232,10.2095384598,7.1631555557,3.8075022697
50,5.6903824806,9.0641326904,,,,,,0.0602917597,,,,,,0.0468896776,15.1079692841,,3.5863575935,,,,,,,,,7.5868797302,20.3479175568,,,,2.5610423088,,0.0587442629,,1.5956778526,,,,,,,,,,,4.8805956841,2.0021128654,,,,4.8878574371,7.2861790657,5.0374259949,3.5388731956,7.2677817345,3.0960903168,7.4101967812,,5.0340657234,3.7363336086,7.7509713173,,3.7393641472,3.5252099037,3.7393090725,3.7386484146,3.7415082455,,3.7331881523,3.6171717644,7.3079900742,4.5636868477,3.7282671928,10.4640083313,3.5996112823,3.7425932884,3.7134511471,3.7318370342,,10.9814472198,2.804284811,4.8907647133,7.208468914,7.1659407616,3.7528395653,10.4038534164,,,,3.2770662308,,,,,,,,0.0640583485,6.6074514389,3.7217018604,3.71626091,7.3645777702,10.0085945129,3.4689135551,3.5685536861,3.6936709881,6.559366703,,3.7012889385,,5.31554842,3.7085187435,3.7267313004,3.7335562706,3.6920154095,,3.687623024,3.7049248219,3.6141247749,9.074514389,3.6953513622,7.2431764603,3.6911678314,3.7054121494,10.1200437546,3.7022609711,3.7006313801,0.0628983825,6.1643447876,,,,,3.6609654427,4.9064188004,3.6956002712,3.7235574722,,3.6668035984,0.748077929,7.3638315201,0.0005734143,7.228521347,3.4515812397,,3.6772603989,4.4609150887,6.4881439209,3.7281310558,7.2894377708,10.128569603,7.0673108101,10.203748703,,7.2472929955,7.0521326065,3.6342241764,6.5672721863,7.1881160736,,6.0716333389,4.8618764877,1.9929376841,,,2.4234945774,,6.4620084763,5.6385960579,3.5271947384,16.6600856781,3.6074101925,6.3605852127,6.390771389,,16.5919094086,16.565322876,3.6526918411,3.7405028343,7.0977663994,6.4048547745,7.1877632141,0.0005855036,10.4320459366,3.7443664074,10.0123987198,7.2019958496,7.059732914,10.2123603821,7.1376280785,2.9609498978
55,4.4357690811,8.5999393463,,,,,,,,,,,,,12.9593687057,,3.1314401627,,,,,,,,,5.6101808548,0.0818290934,,,,0.0561990924,,,,0.0459623933,,,,,,,,,,,4.0670900345,0.0492116213,,,,3.662759304,7.2729225159,4.9948072433,3.4548876286,7.2622237206,2.4778749943,7.3844227791,,5.0247955322,3.7406141758,7.1539020538,,3.7392113209,3.5310323238,3.7459142208,3.7430953979,3.7454862595,,0.0326417908,3.6263785362,7.3105487823,4.5570459366,3.7278194427,10.4846973419,3.6130943298,3.7343261242,3.6907777786,3.735804081,,11.0262908936,2.8052937984,3.793129921,7.2501158714,7.1779179573,3.746096611,10.3569450378,,,,2.4320144653,,,,,,,,,6.613275528,3.7271142006,3.6874005795,7.3584170341,10.0145120621,3.4578585625,3.565161705,3.6953897476,6.5598192215,,3.7022554874,,4.327378273,3.6971819401,3.7049636841,3.7488458157,3.7108590603,,3.6989104748,3.7010877132,3.625133276,8.4263191223,3.708622694,7.2113966942,3.687387228,2.9800953865,9.2666168213,3.7117927074,3.6954445839,,0.0634489432,,,,,3.6060941219,4.275124073,2.7345409393,3.7063317299,,3.6711671352,0.0021181088,7.3504285812,,7.2360043526,3.5688722134,,3.6824438572,4.45875597,6.4864907265,3.7183945179,7.3003807068,10.1429309845,7.0527844429,10.3024377823,,7.3032531738,7.0696716309,3.6847803593,6.5788154602,7.2176604271,,5.2522711754,4.032148838,0.0516836606,,,1.6231398582,,5.6645126343,0.0527877659,3.5220563412,16.6672611237,3.6280865669,6.4021692276,6.3695921898,,16.6009788513,16.9431209564,3.6783258915,3.6814367771,7.1061530113,6.3873729706,7.2150421143,,10.3949022293,3.7528634071,10.1327400208,7.1925106049,7.0492143631,10.1602115631,7.1267147064,2.9790382385
60,0.0422724672,6.4964008331,,,,,,,,,,,,,0.055671975,,2.1896224022,,,,,,,,,4.1480145454,,,,,,,,,,,,,,,,,,,,0.0524909459,,,,,0.0898763239,7.2677035332,4.7580480576,3.5192799568,7.282459259,1.860499382,7.3790664673,,5.0247735977,3.7401747704,6.1986532211,,3.7305753231,3.4341411591,3.7299230099,3.7450935841,3.7506320477,,,2.4860746861,7.3106536865,4.5595726967,3.734234333,10.464258194,3.6196155548,3.7364425659,1.2769421339,3.733884573,,10.987449646,2.8078920841,2.5047209263,7.2280507088,7.2027649879,3.6987228394,10.4001512527,,,,1.5916723013,,,,,,,,,6.6005249023,3.7209668159,3.7090411186,7.3360238075,9.9658708572,3.4688844681,3.5845403671,3.713861227,6.5327010155,,3.7290685177,,3.0179848671,3.6981840134,1.0447609425,3.7362656593,3.6843664646,,3.6926100254,0.0006068363,3.6229684353,8.1406850815,3.6949698925,7.2141318321,3.6900486946,0.8764895201,8.6705274582,3.7264182568,2.9439008236,,,,,,,3.623478651,3.6591601372,1.0381838083,3.7020857334,,3.7101707458,,7.4400157928,,7.2468600273,3.542289257,,3.6780524254,4.4802880287,6.4847521782,3.7438111305,7.2882099152,10.2054443359,7.0304236412,10.2809734344,,7.2584090233,7.083878994,3.7763111591,6.5772919655,7.1908941269,,0.0457861498,3.6251511574,,,,0.0513115637,,4.868291378,,3.552036047,16.6567802429,3.6700332165,6.4232859612,6.3706269264,,16.6128883362,16.5269470215,3.3319177628,3.7084498405,7.0459394455,6.3920574188,7.1588110924,,10.3652172089,3.7549049854,10.2111034393,7.1721744537,7.0518803596,0.000577055,7.1134343147,0.057568308
65,,5.7696175575,,,,,,,,,,,,,,,0.0769741461,,,,,,,,,3.3416814804,,,,,,,,,,,,,,,,,,,,,,,,,,7.3034143448,4.7336940765,3.5455749035,7.2707371712,1.8638586998,7.4123983383,,5.0367794037,3.7458348274,5.8804636002,,3.7527506351,3.5384013653,3.7362556458,3.7364664078,3.7469265461,,,1.8849527836,7.2852187157,0.0294093676,3.736158371,10.509850502,3.5899569988,3.7464432716,0.6233959794,3.732991457,,11.0100669861,2.4874231815,1.8671380281,0.0160398297,7.2087893486,3.698444128,10.3374652863,,,,0.0471349731,,,,,,,,,6.6351723671,3.7382750511,3.6786291599,7.3725829124,9.9552593231,3.4752728939,3.5831804276,3.7183461189,6.5378799438,,3.7191240788,,2.1911439896,3.7368659973,0.0006044083,3.7412421703,3.6944601536,,3.6856794357,,3.6511387825,7.3812246323,3.7013411522,7.1649227142,3.6910066605,0.0005809632,0.0006105242,3.7316420078,0.9593448639,,,,,,,3.6284885406,3.0337002277,0.5916008353,3.6992146969,,3.6815807819,,7.3851656914,,7.1959791183,3.5411083698,,3.7016525269,4.4867072105,5.2552237511,3.7596538067,7.3111371994,10.1563339233,7.0601644516,10.2044181824,,7.2456908226,7.1184077263,3.6973133087,6.5942516327,7.2108325958,,,3.2383117676,,,,,,4.0232291222,,3.5257117748,16.7086429596,3.6353383064,6.3639264107,5.0660462379,,16.5658683777,16.4976119995,1.6821252108,3.7173399925,7.0802235603,6.3908314705,7.2009029388,,8.1038703918,3.7687478065,10.0609321594,7.2280473709,7.0522270203,,7.1309089661,
70,,4.5426959991,,,,,,,,,,,,,,,,,,,,,,,,2.5256662369,,,,,,,,,,,,,,,,,,,,,,,,,,7.3000745773,4.7444562912,3.4555089474,7.2718429565,1.8435229063,7.4138798714,,5.0354924202,3.7464830875,5.3283438683,,3.7316365242,3.5353739262,3.740162611,3.7512507439,3.7452871799,,,1.1680543423,7.3237690926,,3.7454619408,10.5079183578,3.590944767,3.7315468788,0.0366136692,3.7420144081,,11.0215215683,2.4883601665,1.4478621483,,7.1921367645,3.7014262676,10.347943306,,,,,,,,,,,,,6.6233687401,3.7372317314,3.6938445568,7.3189063072,10.064743042,3.5786688328,3.5722148418,3.690305233,6.5528206825,,3.7016823292,,1.7289391756,3.7411367893,,3.7441489697,3.6903731823,,0.0027639079,,3.6425008774,8.3464298248,3.6988592148,7.2101073265,3.6982388496,,,3.7308521271,0.0005773954,,,,,,,3.6101813316,2.4445624352,0.0005942659,3.7030084133,,3.7004930973,,7.3733539581,,7.2664499283,3.4356384277,,3.7015984058,0.020134734,4.1637721062,3.6842644215,7.3360586166,10.1720027924,7.0383639336,10.3038778305,,7.3012800217,7.0936498642,3.6980412006,6.5869693756,7.1992664337,,,2.8197407722,,,,,,3.6268844604,,3.4910707474,16.6866779327,3.5856862068,5.1730904579,4.0084109306,,16.5893630981,16.5651454926,1.1907496452,3.6813762188,0.0005456967,6.3870182037,7.1886196136,,5.4321308136,3.7526130676,10.069773674,7.2216830254,7.0323300362,,7.156370163,
75,,4.1842556,,,,,,,,,,,,,,,,,,,,,,,,2.4464595318,,,,,,,,,,,,,,,,,,,,,,,,,,7.2965884209,4.7352142334,0.0368267745,7.2745728493,1.8290650845,7.3773474693,,5.0684657097,3.7393870354,4.3989915848,,3.7416336536,3.5247554779,3.7462112904,3.7566730976,3.7446596622,,,1.1714072227,7.3288350105,,3.7390801907,10.4854593277,3.5929939747,3.7442390919,,3.7437176704,,11.0021543503,2.404091835,1.1520469189,,7.1790122986,3.7305035591,10.3261566162,,,,,,,,,,,,,6.6167564392,3.6973276138,3.6971960068,7.3914208412,10.0265960693,3.5503284931,3.5813903809,3.6975398064,6.542517662,,3.7176299095,,1.3102400303,3.6987388134,,3.7509820461,3.6945900917,,,,3.6104552746,8.0411739349,3.707611084,7.2070794106,3.696969986,,,3.7075941563,,,,,,,,3.6211748123,2.4537780285,,3.6966331005,,1.4799218178,,5.1453151703,,7.2299156189,3.5436446667,,3.6786344051,,2.5811269283,3.6663224697,7.3292884827,10.1775894165,7.0473561287,10.2819356918,,7.2686018944,7.0601005554,3.7186470032,6.5740995407,7.2092237473,,,0.0466110855,,,,,,3.201157093,,3.5166339874,16.7000579834,3.6121754646,4.2318019867,0.0009656136,,16.6328048706,16.5246582031,0.8892685175,3.7185430527,,6.4039921761,7.1980133057,,0.0005557184,3.8054358959,10.1550312042,7.2296905518,6.9993014336,,7.1557230949,
80,,3.3001205921,,,,,,,,,,,,,,,,,,,,,,,,0.0513437018,,,,,,,,,,,,,,,,,,,,,,,,,,7.2920279503,4.7368392944,,7.2928009033,0.0309142955,7.3706922531,,5.0615139008,3.7402164936,3.7539381981,,3.7402048111,3.5297093391,3.7452428341,1.5843660831,3.7461578846,,,1.1895256042,7.3002433777,,3.7544081211,10.5118255615,3.6104996204,3.7375206947,,3.7452898026,,10.9772624969,2.1834404469,0.9215607643,,7.2190279961,3.7126915455,10.3353033066,,,,,,,,,,,,,6.6029634476,3.7254533768,3.714758873,7.3445825577,10.0805883408,3.4489197731,3.5734758377,3.7045683861,6.5259256363,,3.6981627941,,1.1034040451,3.7329220772,,3.7091400623,3.6824707985,,,,3.6166880131,8.0228023529,3.7089743614,7.2197985649,3.6958832741,,,3.7081532478,,,,,,,,3.5915260315,1.8301999569,,3.7059493065,,0.7085536122,,4.3440546989,,7.2506380081,3.5321536064,,3.6692039967,,1.9316636324,3.7127103806,7.3492069244,10.1967067719,7.1409277916,10.3020486832,,7.2898230553,5.9254322052,3.7161505222,6.5852117538,7.1826858521,,,,,,,,,2.3921740055,,3.4450519085,16.6726741791,3.6166810989,3.0172073841,,,16.5993385315,16.5360584259,0.6926187277,3.652078867,,6.4073662758,7.1672887802,,,3.7733237743,10.1253662109,7.1985249519,7.0707483292,,7.1396188736,
85,,0.0485327579,,,,,,,,,,,,,,,,,,,,,,,,,,,,,,,,,,,,,,,,,,,,,,,,,,7.2864599228,4.7409524918,,7.2788891792,,7.3683562279,,5.042386055,3.7341899872,3.1264033318,,3.7445173264,3.4400763512,3.747644186,0.8907394409,1.7664794922,,,0.0339724943,7.3310790062,,3.7464742661,10.4739227295,3.6183509827,3.7295637131,,3.7405648232,,11.0086832047,2.1621851921,0.85006845,,0.019464016,3.6892547607,10.3049755096,,,,,,,,,,,,,6.6300959587,3.7180249691,3.7030539513,7.3721094131,10.1712846756,3.4702737331,3.4711923599,3.6956005096,6.5372376442,,3.7007334232,,0.9335143566,1.6295640469,,3.7391862869,3.6821405888,,,,3.6013367176,7.702999115,3.7015202045,7.2452831268,3.6999163628,,,3.7076339722,,,,,,,,3.6014032364,1.7962086201,,3.7042734623,,0.0005911121,,3.6004266739,,7.2541952133,3.5527374744,,3.6745944023,,1.390170455,3.6799514294,7.3486852646,10.1439962387,7.1172904968,10.2932748795,,7.2866816521,4.3198890686,3.6998677254,6.5541534424,7.1917057037,,,,,,,,,0.0511652231,,3.4387176037,16.6694107056,3.6387739182,2.1646435261,,,16.6396598816,16.5304050446,0.6125990152,3.6439082623,,6.3802418709,7.1987047195,,,3.6508421898,10.1112527847,7.2400875092,7.1084094048,,7.1593112946,
90,,,,,,,,,,,,,,,,,,,,,,,,,,,,,,,,,,,,,,,,,,,,,,,,,,,,7.2919898033,4.7455005646,,7.333363533,,7.3891301155,,4.4278688431,3.7515785694,2.590098381,,3.7375695705,3.5364813805,3.7373867035,0.6298910975,0.8816395998,,,,7.3453392982,,3.7456130981,10.5588283539,3.6067588329,3.7473409176,,3.7418346405,,10.9915828705,0.0375397578,0.753097713,,,3.7008726597,7.238161087,,,,,,,,,,,,,6.6066598892,0.0322063416,3.7108857632,7.3324685097,10.1071567535,3.4500622749,3.5867524147,1.5909000635,6.5124607086,,3.6979134083,,0.8101201653,0.7258663177,,3.707914114,3.6895754337,,,,3.6127676964,7.4199733734,2.6270139217,7.2497906685,3.6911816597,,,3.7072286606,,,,,,,,3.5936377048,1.8105061054,,3.7094464302,,,,3.6149435043,,7.252969265,3.5019509792,,3.6890654564,,1.1129742861,3.6911406517,7.3352108002,10.1411485672,7.1505689621,9.9152603149,,7.3080844879,0.0191723648,3.7149958611,6.5923447609,7.2177143097,,,,,,,,,,,3.4336395264,16.6599273682,3.6249659061,1.5773411989,,,16.651184082,16.5880756378,-0.0008975831,3.6696815491,,6.3975014687,7.2277965546,,,3.6537752151,10.0226182938,7.2311439514,7.1244988441,,7.1365661621,
95,,,,,,,,,,,,,,,,,,,,,,,,,,,,,,,,,,,,,,,,,,,,,,,,,,,,7.3343162537,4.7201218605,,7.277926445,,7.3966379166,,4.0933451653,3.7400503159,2.5603842735,,3.7471141815,3.5315279961,3.738656044,0.0345673002,0.0289213415,,,,7.3218927383,,3.7437736988,10.5430469513,3.5961833,3.7031726837,,3.7417607307,,10.9817276001,,0.6522721052,,,3.7168712616,5.1503825188,,,,,,,,,,,,,6.6223201752,,3.7274405956,7.3238334656,10.1252346039,3.465159893,3.5757455826,0.8770780563,6.5385985374,,3.7248768806,,0.7217409611,0.000594294,,3.7066748142,3.7191114426,,,,3.5843532085,7.0803284645,1.1249403954,7.243200779,3.6989045143,,,3.70890975,,,,,,,,3.5957305431,1.8021802902,,3.700245142,,,,3.7024674416,,7.2527341843,3.4528644085,,3.7040057182,,0.8990877867,3.6896877289,7.3642520905,10.1194906235,7.148712635,9.2996559143,,7.3215479851,,3.7299509048,6.4426217079,7.2044668198,,,,,,,,,,,3.4965314865,16.6561756134,3.6850757599,1.2737525702,,,16.6963672638,16.6411056519,,3.6604828835,,6.403614521,7.1843709946,,,3.6658098698,10.0846719742,7.2590551376,7.128926754,,7.1141667366,
100,,,,,,,,,,,,,,,,,,,,,,,,,,,,,,,,,,,,,,,,,,,,,,,,,,,,7.2998595238,4.7424612045,,7.3099336624,,7.3490548134,,3.7711853981,3.7567875385,2.5602931976,,3.7467181683,3.5374181271,3.7480528355,,,,,,7.3212594986,,3.7381455898,10.4945716858,3.5986011028,1.9572302103,,3.7407920361,,10.9991207123,,0.0460889824,,,3.6977519989,0.0463507846,,,,,,,,,,,,,6.6265616417,,3.6937711239,7.3385577202,10.109629631,3.4478051662,3.4728472233,0.5865144134,6.5138120651,,3.6998941898,,0.6258029938,,,3.6829528809,3.7152366638,,,,3.5459616184,6.7568736076,0.6520110369,7.2204389572,3.6883254051,,,0.0054318132,,,,,,,,3.581256628,0.0005798497,,3.6970136166,,,,3.6820733547,,7.2830677032,3.5750780106,,3.6966042519,,0.7984417081,3.722556591,7.3012590408,10.1005439758,7.0387639999,9.2516059875,,7.2996473312,,3.6738033295,5.09207201,7.2576885223,,,,,,,,,,,3.5087275505,16.7271327972,3.6454730034,1.0745337009,,,16.6516571045,16.6270065308,,3.6681509018,,6.4012064934,7.1702222824,,,3.6940550804,10.1377658844,7.1993923187,7.0910892487,,7.1427297592,
105,,,,,,,,,,,,,,,,,,,,,,,,,,,,,,,,,,,,,,,,,,,,,,,,,,,,7.3431453705,4.4192624092,,7.3076219559,,7.4183626175,,3.6136097908,3.7493782043,1.9307301044,,3.7428872585,3.5413360596,3.7486252785,,,,,,7.3272795677,,3.7465846539,10.5156602859,3.5955853462,0.9609452486,,3.7385489941,,11.0228204727,,0.7176673412,,,3.7173914909,,,,,,,,,,,,,,6.6069540977,,3.7332115173,7.3942580223,10.2869348526,3.48077178,2.6293246746,0.0005962662,6.5064201355,,3.7260549068,,0.0056063607,,,3.7200706005,3.6894953251,,,,3.5569012165,6.430264473,0.0234180074,7.2166786194,3.6867105961,,,,,,,,,,,3.5868692398,,,3.6841461658,,,,3.6680700779,,0.0005996151,3.5380516052,,3.6802072525,,0.682502687,3.6873431206,7.3505253792,10.1601724625,7.080956459,8.0110216141,,7.3079924583,,3.7034988403,3.8731691837,7.2576551437,,,,,,,,,,,3.4798996449,16.7252750397,3.6240572929,0.8987567425,,,16.7419013977,16.6174640656,,3.6541018486,,6.3910517693,7.1725187302,,,3.6639955044,10.1123065948,7.2533731461,7.0862970352,,7.1031827927,
110,,,,,,,,,,,,,,,,,,,,,,,,,,,,,,,,,,,,,,,,,,,,,,,,,,,,7.3214249611,4.3852753639,,7.3066287041,,7.3985071182,,3.2077360153,3.7417600155,1.9093921185,,3.7399408817,3.535261631,3.7472326756,,,,,,7.3295660019,,3.7489204407,10.511179924,3.5854225159,0.6307281256,,3.7414057255,,11.0059947968,,0.0442661755,,,3.722871542,,,,,,,,,,,,,,6.5998411179,,3.6989481449,7.3613834381,10.3225955963,3.4436514378,2.095417738,,6.5155673027,,3.7474193573,,0.8852319121,,,3.684513092,3.7331838608,,,,3.5580775738,5.8418645859,,7.2241983414,3.6985154152,,,,,,,,,,,3.5866880417,,,2.1903960705,,,,3.6849219799,,,3.4807252884,,1.1975148916,,0.0028929356,3.7110052109,7.3433289528,10.1818685532,7.0865902901,5.5274968147,,7.2996048927,,3.7451496124,2.4802827835,7.1939411163,,,,,,,,,,,3.4757962227,16.7150192261,3.6171705723,0.7833863497,,,16.7528095245,16.6599369049,,3.6991379261,,6.3661260605,7.1930289268,,,3.6747407913,10.096701622,7.2473211288,7.066532135,,7.100476265,
115,,,,,,,,,,,,,,,,,,,,,,,,,,,,,,,,,,,,,,,,,,,,,,,,,,,,6.1225523949,4.4186992645,,7.3207855225,,7.3830952644,,3.1734223366,3.7422361374,1.9101676941,,3.7416837215,3.5490722656,3.7492949963,,,,,,7.3331451416,,3.7635605335,10.5137853622,3.5016448498,0.0308161229,,3.7285673618,,10.9964580536,,0.6502984762,,,3.6707475185,,,,,,,,,,,,,,6.6028113365,,3.6855587959,7.4145722389,10.2855072021,3.4391582012,1.6690274477,,6.5437269211,,3.7367713451,,0.0268065929,,,3.6882865429,3.7153131962,,,,3.6230275631,5.5273981094,,7.249124527,3.6879513264,,,,,,,,,,,3.5944936275,,,0.8403432965,,,,3.6482663155,,,3.4458713531,,0.6272032857,,0.9900729656,3.7459032536,7.3364839554,10.1424045563,7.1116323471,2.5541548729,,7.2878961563,,3.7096047401,1.7568922043,7.2465047836,,,,,,,,,,,3.4868257046,16.6779384613,3.6329579353,0.697525382,,,16.8098106384,16.5045413971,,3.696706295,,5.5318179131,7.1571030617,,,3.7113952637,10.2082605362,7.1917967796,7.0534276962,,7.0660448074,
120,,,,,,,,,,,,,,,,,,,,,,,,,,,,,,,,,,,,,,,,,,,,,,,,,,,,3.4943275452,4.089548111,,7.3035202026,,7.3887572289,,3.1820840836,3.7482204437,1.9217544794,,3.7466752529,3.4725413322,3.7611525059,,,,,,0.0291468278,,3.731991291,10.5315208435,3.5069329739,,,3.7500054836,,10.9963626862,,0.0450955182,,,3.6696469784,,,,,,,,,,,,,,6.6024889946,,3.6893777847,7.3869166374,10.2240629196,3.4387011528,1.4712104797,,6.516043663,,3.7278242111,,0.8161543608,,,3.7120330334,3.7013936043,,,,3.6132500172,5.2545557022,,7.2227096558,3.7049236298,,,,,,,,,,,3.6016151905,,,0.0006062178,,,,3.6771733761,,,3.4542160034,,0.0194113888,,1.0330566168,3.6779389381,7.3242106438,10.1236839294,7.0221357346,2.5388236046,,7.3229498863,,3.7732110023,1.3172720671,7.2325263023,,,,,,,,,,,3.4755940437,16.6923656464,3.6569592953,0.6020690799,,,16.7878570557,16.6378288269,,3.649228096,,4.1859316826,7.1473255157,,,3.685210228,10.1215639114,7.1172885895,7.1002545357,,7.1037225723,
125,,,,,,,,,,,,,,,,,,,,,,,,,,,,,,,,,,,,,,,,,,,,,,,,,,,,3.4923882484,4.1031126976,,7.2641711235,,7.3847017288,,3.1629390717,3.7479827404,1.9583580494,,3.7524235249,3.5317292213,3.7486040592,,,,,,,,3.741276741,10.538482666,3.4799613953,,,3.7337043285,,11.0070133209,,3.7374267578,,,3.6908521652,,,,,,,,,,,,,,6.6018719673,,3.6966881752,7.3977246284,10.196688652,0.000596919,1.267881155,,6.529645443,,3.7415704727,,0.0097743096,,,3.6875941753,3.3059775829,,,,3.6125209332,5.2700505257,,7.2187423706,3.7301909924,,,,,,,,,,,3.5829734802,,,,,,,3.6310508251,,,3.5459375381,,,,0.0073363385,3.6961598396,7.3270950317,10.1752681732,7.0562038422,2.5146150589,,7.2978835106,,3.7396192551,1.0028991699,7.2482624054,,,,,,,,,,,3.5094153881,16.7928314209,3.6474001408,-0.0021999988,,,16.7339611053,16.6745662689,,3.6170303822,,2.8251624107,7.154299736,,,3.66801548,10.1085853577,7.1658630371,7.1016254425,,7.1137647629,
130,,,,,,,,,,,,,,,,,,,,,,,,,,,,,,,,,,,,,,,,,,,,,,,,,,,,3.2325053215,4.4008712769,,7.2797260284,,7.4131879807,,3.1551716328,3.7609615326,0.0351308547,,3.727889061,3.5211231709,3.7471375465,,,,,,,,1.1943912506,10.5350561142,3.47423172,,,3.760412693,,11.0014286041,,3.7384829521,,,3.6863045692,,,,,,,,,,,,,,6.5888910294,,1.9429596663,7.4069738388,10.3049049377,,1.0921832323,,6.5358390808,,3.7387003899,,0.6219134331,,,1.9788963795,1.2947491407,,,,3.6135509014,5.2770605087,,7.3583755493,3.7242634296,,,,,,,,,,,3.5700368881,,,,,,,3.7163739204,,,3.5546360016,,,,0.6203882098,3.7324688435,7.3317313194,10.1793479919,7.0487160683,1.9287678003,,7.3567986488,,3.7500200272,0.8163680434,7.232568264,,,,,,,,,,,3.5115499496,16.7079639435,3.6392359734,0.6723008752,,,16.7901630402,16.7327194214,,3.6948649883,,2.0879683495,7.1861400604,,,3.6776628494,10.1239233017,7.1199975014,7.0929775238,,7.0916242599,
135,,,,,,,,,,,,,,,,,,,,,,,,,,,,,,,,,,,,,,,,,,,,,,,,,,,,2.4844827652,4.3963422775,,7.2480578423,,7.3971714973,,3.1492295265,1.7465548515,,,1.909735918,3.5499584675,1.6545240879,,,,,,,,0.6806826591,8.4796237946,3.5046155453,,,1.5051122904,,10.9849100113,,3.7480018139,,,3.6714119911,,,,,,,,,,,,,,6.6018137932,,1.0443909168,7.374833107,10.2161989212,,0.9913514853,,6.1859183311,,1.4574642181,,0.0005950327,,,0.9947920442,0.7179633379,,,,3.6060554981,3.1244068146,,7.2095508575,2.5084514618,,,,,,,,,,,3.5931010246,,,,,,,3.7355179787,,,3.5306785107,,,,0.0006047692,3.7024130821,7.3336448669,10.2551631927,7.0624752045,0.0178397503,,7.3997344971,,3.744020462,0.7213454843,7.2113399506,,,,,,,,,,,3.4954378605,16.7154140472,3.5915882587,0.0042144498,,,16.7190704346,0.0005881522,,3.671880722,,1.5742459297,7.1637687683,,,3.6935453415,10.1348323822,7.1466832161,7.0997886658,,7.059053421,
140,,,,,,,,,,,,,,,,,,,,,,,,,,,,,,,,,,,,,,,,,,,,,,,,,,,,0.0349040404,4.4127879143,,7.2551641464,,7.4432587624,,1.9444293976,0.9213673472,,,0.9602837563,3.5485830307,0.7568599582,,,,,,,,0.0322910771,6.8540353775,3.5570046902,,,0.7179391384,,10.9846410751,,3.7436864376,,,3.6797204018,,,,,,,,,,,,,,6.5899038315,,0.6909286976,7.3746199608,10.2748603821,,0.9826663136,,5.179169178,,0.7766899467,,,,,0.5903437138,0.0005853605,,,,3.5731360912,3.1046891212,,7.1875019073,1.0502159595,,,,,,,,,,,3.5992076397,,,,,,,3.6930081844,,,3.5624444485,,,,,0.0006000419,7.36068964,10.1805810928,7.0735869408,,,7.3637523651,,3.74807477,0.6973148584,7.2529907227,,,,,,,,,,,3.5355346203,16.717716217,3.6262187958,0.6060473323,,,16.7854938507,,,3.6541669369,,1.1899718046,7.1614646912,,,3.6791746616,10.1565437317,7.1411180496,7.0940027237,,7.0864429474,
145,,,,,,,,,,,,,,,,,,,,,,,,,,,,,,,,,,,,,,,,,,,,,,,,,,,,,4.4238023758,,7.3220920563,,7.4081025124,,1.2747302055,0.6302675009,,,0.6116794348,3.5418064594,0.0007583313,,,,,,,,,5.5909438133,3.5136752129,,,0.0355230719,,11.0135259628,,3.7457795143,,,3.7210788727,,,,,,,,,,,,,,6.5948109627,,0.0005972843,7.3858270645,10.2108020782,,0.7936264277,,4.5064969063,,0.000594162,,,,,0.0006117501,,,,,3.577350378,2.5178623199,,0.0005750112,0.6028052568,,,,,,,,,,,3.6139431,,,,,,,3.6945123672,,,3.4505765438,,,,,,7.3711276054,10.266371727,7.0621914864,,,7.3882403374,,3.7298631668,0.0114796991,7.2669296265,,,,,,,,,,,3.5248336792,16.6611232758,3.6198556423,0.0244414881,,,16.7989902496,,,3.644554615,,1.0019289255,7.1272287369,,,3.6928608418,10.1080646515,7.1521615982,7.1011800766,,7.0861110687,
150,,,,,,,,,,,,,,,,,,,,,,,,,,,,,,,,,,,,,,,,,,,,,,,,,,,,,4.4022350311,,6.6121969223,,7.4024438858,,1.2639050484,0.033774022,,,0.0414073803,3.553412199,,,,,,,,,,3.7283568382,3.5118060112,,,,,10.9630784988,,3.7495896816,,,3.7082300186,,,,,,,,,,,,,,6.6011357307,,,7.3846530914,10.2422513962,,0.0251651853,,3.5308489799,,,,,,,,,,,,3.5850427151,1.9056489468,,,0.0066473228,,,,,,,,,,,3.6099236012,,,,,,,3.6843805313,,,3.552418232,,,,,,7.3711953163,10.2047672272,7.0460858345,,,7.3931064606,,3.7277193069,0.8237838149,7.129240036,,,,,,,,,,,3.5389358997,16.7178573608,3.6649928093,,,,0.0005897121,,,3.7045781612,,0.7908570766,7.111076355,,,3.7008941174,10.1728639603,7.1622695923,7.0890021324,,7.1141462326,
155,,,,,,,,,,,,,,,,,,,,,,,,,,,,,,,,,,,,,,,,,,,,,,,,,,,,,4.4348173141,,5.567709446,,7.3963723183,,1.3266832829,,,,,3.532793045,,,,,,,,,,3.010216713,3.5136508942,,,,,10.851603508,,3.747220993,,,3.6935603619,,,,,,,,,,,,,,6.5878190994,,,7.4190840721,10.3179111481,,1.3756301403,,2.6702792645,,,,,,,,,,,,3.6359615326,0.0005822263,,,,,,,,,,,,,,3.6308405399,,,,,,,3.7017991543,,,3.5658483505,,,,,,7.3769884109,10.161989212,7.0608778,,,0.0005862713,,3.713296175,0.0005750747,7.1783509254,,,,,,,,,,,3.5312542915,16.6347103119,3.6817593575,,,,,,,3.7101449966,,0.6906927824,7.0776519775,,,3.6630375385,10.1679477692,7.1532287598,7.0534563065,,7.1066641808,
160,,,,,,,,,,,,,,,,,,,,,,,,,,,,,,,,,,,,,,,,,,,,,,,,,,,,,4.4460968971,,0.0007428112,,7.3749856949,,1.2654926777,,,,,3.53520751,,,,,,,,,,2.417011261,3.6038405895,,,,,10.4176225662,,3.7456459999,,,3.7245340347,,,,,,,,,,,,,,6.594192028,,,7.4008488655,10.2575855255,,1.1793034077,,2.1462361813,,,,,,,,,,,,3.595610857,,,,,,,,,,,,,,,2.6691067219,,,,,,,3.6893043518,,,3.4599366188,,,,,,7.3860902786,10.1437015533,7.065425396,,,,,3.7509846687,,7.1743822098,,,,,,,,,,,3.5253341198,0.0053419033,3.6413812637,,,,,,,3.7182724476,,0.5983598828,7.1393175125,,,3.6631503105,10.1923351288,7.1641573906,7.1005592346,,7.0584778786,
165,,,,,,,,,,,,,,,,,,,,,,,,,,,,,,,,,,,,,,,,,,,,,,,,,,,,,4.4323334694,,,,7.3732705116,,1.2923681736,,,,,3.5359449387,,,,,,,,,,2.1717543602,3.6231005192,,,,,6.7997169495,,3.7696352005,,,3.7032692432,,,,,,,,,,,,,,6.5880045891,,,7.3948535919,10.3103218079,,0.0194816459,,1.7427419424,,,,,,,,,,,,3.5975902081,,,,,,,,,,,,,,,1.9256138802,,,,,,,3.7067632675,,,3.5692195892,,,,,,7.380209446,10.1448345184,7.0762143135,,,,,3.7026555538,,7.1469144821,,,,,,,,,,,3.5497248173,,3.5694956779,,,,,,,3.6390573978,,0.0021273429,7.1110954285,,,3.6693511009,10.0508232117,7.1698307991,7.0804195404,,7.1870470047,
170,,,,,,,,,,,,,,,,,,,,,,,,,,,,,,,,,,,,,,,,,,,,,,,,,,,,,4.4217514992,,,,7.3843150139,,1.2526293993,,,,,3.5059757233,,,,,,,,,,1.7423939705,3.4885849953,,,,,5.5789346695,,3.7570195198,,,3.734146595,,,,,,,,,,,,,,6.5445485115,,,7.4258995056,10.3040590286,,0.9500992298,,1.3996263742,,,,,,,,,,,,3.6090729237,,,,,,,,,,,,,,,1.131788969,,,,,,,3.6802411079,,,3.5383677483,,,,,,7.4073696136,10.1298456192,7.0516562462,,,,,3.7220635414,,0.0005708241,,,,,,,,,,,3.5855865479,,3.5389180183,,,,,,,2.4613246918,,,7.1177473068,,,3.7128872871,10.0699424744,7.1491985321,7.0616440773,,7.2024445534,
175,,,,,,,,,,,,,,,,,,,,,,,,,,,,,,,,,,,,,,,,,,,,,,,,,,,,,4.7072238922,,,,7.3845052719,,1.3005644083,,,,,3.5341892242,,,,,,,,,,0.0353698134,3.4916307926,,,,,4.3476595879,,3.762745142,,,3.7141129971,,,,,,,,,,,,,,6.5785331726,,,7.4001135826,10.3016691208,,0.0005927544,,0.0035919542,,,,,,,,,,,,3.6157457829,,,,,,,,,,,,,,,1.1334801912,,,,,,,3.6954095364,,,3.5638327599,,,,,,7.3885145187,10.1629104614,7.0529580116,,,,,3.7013449669,,,,,,,,,,,,,3.5379834175,,3.5311403275,,,,,,,1.5533168316,,,7.1015076637,,,3.693911314,10.0016212463,7.1040325165,7.0660514832,,7.2078728676,
180,,,,,,,,,,,,,,,,,,,,,,,,,,,,,,,,,,,,,,,,,,,,,,,,,,,,,4.7088737488,,,,7.3854513168,,1.2760486603,,,,,3.4779727459,,,,,,,,,,,3.5608043671,,,,,3.2267389297,,3.7593197823,,,3.6775281429,,,,,,,,,,,,,,6.5821690559,,,7.3745007515,10.26603508,,,,,,,,,,,,,,,,3.6201536655,,,,,,,,,,,,,,,1.121902585,,,,,,,3.6981334686,,,3.4600832462,,,,,,7.378639698,10.1971979141,7.0572123528,,,,,3.7399849892,,,,,,,,,,,,,3.5646018982,,3.5401682854,,,,,,,0.0005771379,,,7.1129102707,,,3.7131025791,10.015622139,7.0882797241,7.0622205734,,7.2112393379,
185,,,,,,,,,,,,,,,,,,,,,,,,,,,,,,,,,,,,,,,,,,,,,,,,,,,,,4.7103900909,,,,7.3455753326,,1.2636935711,,,,,3.4943351746,,,,,,,,,,,3.4938259125,,,,,3.2338628769,,3.7616126537,,,3.6868133545,,,,,,,,,,,,,,6.5772395134,,,7.3830561638,10.2760534286,,,,,,,,,,,,,,,,3.6268954277,,,,,,,,,,,,,,,0.0006020384,,,,,,,3.6984581947,,,3.4512872696,,,,,,7.4082212448,10.1496925354,7.0467915535,,,,,3.7018265724,,,,,,,,,,,,,3.5051045418,,3.5125672817,,,,,,,,,,7.0816993713,,,3.7415063381,10.1406641006,7.128903389,6.9976325035,,7.2000274658,
190,,,,,,,,,,,,,,,,,,,,,,,,,,,,,,,,,,,,,,,,,,,,,,,,,,,,,4.3961381912,,,,7.3642921448,,-0.020495886,,,,,3.4305255413,,,,,,,,,,,3.489718914,,,,,2.9529809952,,3.7546651363,,,3.7023537159,,,,,,,,,,,,,,6.5758891106,,,7.3705673218,10.1662750244,,,,,,,,,,,,,,,,3.6507091522,,,,,,,,,,,,,,,,,,,,,,3.6722276211,,,3.4520697594,,,,,,7.3830900192,10.1179666519,7.082400322,,,,,3.6760582924,,,,,,,,,,,,,3.5209929943,,3.5442564487,,,,,,,,,,7.1145362854,,,3.7407164574,10.0951147079,7.1303539276,7.0567626953,,7.2006192207,
195,,,,,,,,,,,,,,,,,,,,,,,,,,,,,,,,,,,,,,,,,,,,,,,,,,,,,4.1056413651,,,,7.3935790062,,,,,,,3.5010287762,,,,,,,,,,,3.4981422424,,,,,0.0007574406,,3.769317627,,,3.7056729794,,,,,,,,,,,,,,6.5756053925,,,7.3750963211,10.1842517853,,,,,,,,,,,,,,,,3.6172955036,,,,,,,,,,,,,,,,,,,,,,3.684994936,,,3.5729558468,,,,,,7.3945221901,10.2193107605,7.0864682198,,,,,3.7070484161,,,,,,,,,,,,,3.5244514942,,3.5317008495,,,,,,,,,,7.1286506653,,,3.7193830013,10.0621109009,7.1320233345,7.0007266998,,7.2177467346,
200,,,,,,,,,,,,,,,,,,,,,,,,,,,,,,,,,,,,,,,,,,,,,,,,,,,,,3.7744102478,,,,7.4170207977,,,,,,,3.5472812653,,,,,,,,,,,3.4823861122,,,,,,,3.7611253262,,,3.7077832222,,,,,,,,,,,,,,6.5751070976,,,7.4112467766,10.1739025116,,,,,,,,,,,,,,,,3.6236436367,,,,,,,,,,,,,,,,,,,,,,3.6895143986,,,3.5783262253,,,,,,7.2972736359,10.2418136597,7.1083197594,,,,,3.7336363792,,,,,,,,,,,,,3.5203199387,,1.575627327,,,,,,,,,,7.1572165489,,,3.7121524811,10.0310249329,7.241235733,7.0624222755,,7.2180080414,
205,,,,,,,,,,,,,,,,,,,,,,,,,,,,,,,,,,,,,,,,,,,,,,,,,,,,,3.4789061546,,,,7.4112234116,,,,,,,3.5534510612,,,,,,,,,,,3.497823,,,,,,,3.7685127258,,,3.7202568054,,,,,,,,,,,,,,6.5772128105,,,7.4091768265,10.2756538391,,,,,,,,,,,,,,,,3.6311709881,,,,,,,,,,,,,,,,,,,,,,3.6648864746,,,3.4998648167,,,,,,7.3209877014,10.2324075699,7.061167717,,,,,3.7122631073,,,,,,,,,,,,,3.5262022018,,0.0005819864,,,,,,,,,,7.1325817108,,,3.66385746,10.0583848953,7.2463569641,7.0873146057,,7.1586122513,
210,,,,,,,,,,,,,,,,,,,,,,,,,,,,,,,,,,,,,,,,,,,,,,,,,,,,,3.4625077248,,,,7.4300189018,,,,,,,3.5482654572,,,,,,,,,,,3.5196504593,,,,,,,3.7733213902,,,3.7248957157,,,,,,,,,,,,,,6.58741045,,,6.2488970757,10.2305679321,,,,,,,,,,,,,,,,3.6208677292,,,,,,,,,,,,,,,,,,,,,,3.6961035728,,,3.5995922089,,,,,,7.3297066689,10.23458004,7.0405659676,,,,,3.6772949696,,,,,,,,,,,,,3.5393188,,,,,,,,,,,,7.1310920715,,,3.7173109055,9.987361908,7.2465128899,7.0947794914,,7.2230706215,
215,,,,,,,,,,,,,,,,,,,,,,,,,,,,,,,,,,,,,,,,,,,,,,,,,,,,,3.1496508121,,,,7.3643641472,,,,,,,3.5428445339,,,,,,,,,,,3.4907004833,,,,,,,3.7683489323,,,3.7071065903,,,,,,,,,,,,,,6.5792803764,,,5.5191478729,10.24629879,,,,,,,,,,,,,,,,3.627560854,,,,,,,,,,,,,,,,,,,,,,3.6957156658,,,3.5496659279,,,,,,7.3313312531,10.1781158447,0.0183798056,,,,,3.6713583469,,,,,,,,,,,,,3.5388967991,,,,,,,,,,,,7.1732778549,,,3.7594203949,9.9927940369,7.2684679031,7.0331192017,,7.2304430008,
220,,,,,,,,,,,,,,,,,,,,,,,,,,,,,,,,,,,,,,,,,,,,,,,,,,,,,3.1477065086,,,,7.3690590858,,,,,,,3.5316679478,,,,,,,,,,,3.5235059261,,,,,,,3.7689571381,,,3.7146089077,,,,,,,,,,,,,,6.6007370949,,,5.6591205597,10.2466592789,,,,,,,,,,,,,,,,3.6359081268,,,,,,,,,,,,,,,,,,,,,,3.6688857079,,,3.4946937561,,,,,,7.3333477974,10.2285642624,,,,,,3.741610527,,,,,,,,,,,,,3.522744894,,,,,,,,,,,,7.1391601562,,,3.6998031139,10.0080022812,7.2599143982,7.0724606514,,7.1359872818,
225,,,,,,,,,,,,,,,,,,,,,,,,,,,,,,,,,,,,,,,,,,,,,,,,,,,,,3.1547822952,,,,7.3623113632,,,,,,,3.5314531326,,,,,,,,,,,3.5164115429,,,,,,,3.7617440224,,,3.7312424183,,,,,,,,,,,,,,6.5975031853,,,5.1452188492,10.2783851624,,,,,,,,,,,,,,,,3.6410427094,,,,,,,,,,,,,,,,,,,,,,3.6833691597,,,3.510576725,,,,,,7.2761173248,10.2250080109,,,,,,3.6784687042,,,,,,,,,,,,,3.5247788429,,,,,,,,,,,,7.1142425537,,,3.7078011036,10.025560379,7.2433652878,7.0487012863,,7.1706523895,
230,,,,,,,,,,,,,,,,,,,,,,,,,,,,,,,,,,,,,,,,,,,,,,,,,,,,,3.1704187393,,,,7.3780002594,,,,,,,3.5451729298,,,,,,,,,,,3.5224320889,,,,,,,2.7937037945,,,3.7063946724,,,,,,,,,,,,,,6.5895833969,,,5.6386985779,10.1688232422,,,,,,,,,,,,,,,,2.1658346653,,,,,,,,,,,,,,,,,,,,,,3.6895029545,,,0.0006038685,,,,,,7.326321125,10.1618900299,,,,,,3.6998589039,,,,,,,,,,,,,3.519105196,,,,,,,,,,,,7.1789345741,,,3.7103765011,10.0691642761,7.2317886353,7.05164814,,7.1578021049,
235,,,,,,,,,,,,,,,,,,,,,,,,,,,,,,,,,,,,,,,,,,,,,,,,,,,,,3.1576938629,,,,7.3894066811,,,,,,,3.5330181122,,,,,,,,,,,3.4994618893,,,,,,,0.9768528938,,,3.7033500671,,,,,,,,,,,,,,5.5765094757,,,5.4025378227,10.0751771927,,,,,,,,,,,,,,,,1.5384292603,,,,,,,,,,,,,,,,,,,,,,3.0486295223,,,,,,,,,7.3245148659,10.2163877487,,,,,,3.6991870403,,,,,,,,,,,,,3.4947714806,,,,,,,,,,,,7.1305828094,,,3.7262928486,10.1635665894,7.2646741867,7.0429415703,,7.2329182625,
240,,,,,,,,,,,,,,,,,,,,,,,,,,,,,,,,,,,,,,,,,,,,,,,,,,,,,3.147513628,,,,7.3494477272,,,,,,,3.5343809128,,,,,,,,,,,2.6422410011,,,,,,,0.0460202992,,,3.7042479515,,,,,,,,,,,,,,4.5779528618,,,5.0461807251,4.4927520752,,,,,,,,,,,,,,,,1.5406881571,,,,,,,,,,,,,,,,,,,,,,1.8744883537,,,,,,,,,7.3316717148,10.2924365997,,,,,,3.7145757675,,,,,,,,,,,,,3.5160770416,,,,,,,,,,,,7.1165027618,,,3.7354285717,10.0023927689,7.2765173912,7.0299892426,,7.1584692001,
245,,,,,,,,,,,,,,,,,,,,,,,,,,,,,,,,,,,,,,,,,,,,,,,,,,,,,1.9555017948,,,,7.3232288361,,,,,,,3.5349225998,,,,,,,,,,,1.9114154577,,,,,,,,,,3.7119481564,,,,,,,,,,,,,,3.476023674,,,1.5868718624,4.4868478775,,,,,,,,,,,,,,,,0.0006247291,,,,,,,,,,,,,,,,,,,,,,1.4370954037,,,,,,,,,7.3529138565,10.37433815,,,,,,3.6758797169,,,,,,,,,,,,,3.5218839645,,,,,,,,,,,,7.1227664948,,,3.7312378883,10.065246582,-0.0010775699,7.0220007896,,7.16766119,
250,,,,,,,,,,,,,,,,,,,,,,,,,,,,,,,,,,,,,,,,,,,,,,,,,,,,,1.2313392162,,,,7.3081316948,,,,,,,3.5356440544,,,,,,,,,,,1.5446314812,,,,,,,,,,3.6941108704,,,,,,,,,,,,,,2.511595726,,,1.3771870136,4.4989309311,,,,,,,,,,,,,,,,,,,,,,,,,,,,,,,,,,,,,,1.1160868406,,,,,,,,,7.2952985764,10.305056572,,,,,,3.6755046844,,,,,,,,,,,,,3.5148775578,,,,,,,,,,,,7.162024498,,,3.7544703484,9.9437303543,,7.0683193207,,7.2257328033,
255,,,,,,,,,,,,,,,,,,,,,,,,,,,,,,,,,,,,,,,,,,,,,,,,,,,,,1.2378454208,,,,7.3087563515,,,,,,,3.5371792316,,,,,,,,,,,1.2043352127,,,,,,,,,,3.6957695484,,,,,,,,,,,,,,1.8840142488,,,0.0043544164,4.5067472458,,,,,,,,,,,,,,,,,,,,,,,,,,,,,,,,,,,,,,0.8382056355,,,,,,,,,7.2915940285,10.1876144409,,,,,,3.7329950333,,,,,,,,,,,,,3.5316998959,,,,,,,,,,,,7.1218585968,,,3.7592630386,10.0530033112,,7.0258388519,,7.157435894,
260,,,,,,,,,,,,,,,,,,,,,,,,,,,,,,,,,,,,,,,,,,,,,,,,,,,,,1.2269859314,,,,7.4395031929,,,,,,,3.5362370014,,,,,,,,,,,1.0437942743,,,,,,,,,,3.7290000916,,,,,,,,,,,,,,1.4576243162,,,,4.5275239944,,,,,,,,,,,,,,,,,,,,,,,,,,,,,,,,,,,,,,0.6522784233,,,,,,,,,7.3257174492,10.2005329132,,,,,,3.6888954639,,,,,,,,,,,,,0.000567266,,,,,,,,,,,,7.1559824944,,,3.7663881779,10.0640392303,,7.0039992332,,7.1250267029,
265,,,,,,,,,,,,,,,,,,,,,,,,,,,,,,,,,,,,,,,,,,,,,,,,,,,,,1.2363647223,,,,7.3871655464,,,,,,,3.5302734375,,,,,,,,,,,1.0049258471,,,,,,,,,,3.7404878139,,,,,,,,,,,,,,1.2549329996,,,,4.533513546,,,,,,,,,,,,,,,,,,,,,,,,,,,,,,,,,,,,,,0.0155577837,,,,,,,,,7.3181710243,10.2191791534,,,,,,3.6912727356,,,,,,,,,,,,,,,,,,,,,,,,,7.0807471275,,,3.7320477962,10.0149612427,,7.0067205429,,7.0915594101,
270,,,,,,,,,,,,,,,,,,,,,,,,,,,,,,,,,,,,,,,,,,,,,,,,,,,,,1.2352759838,,,,7.4194512367,,,,,,,3.5374369621,,,,,,,,,,,0.8762661815,,,,,,,,,,3.7422742844,,,,,,,,,,,,,,1.0338956118,,,,4.5152578354,,,,,,,,,,,,,,,,,,,,,,,,,,,,,,,,,,,,,,0.7416859865,,,,,,,,,7.3266339302,10.1793708801,,,,,,3.6913239956,,,,,,,,,,,,,,,,,,,,,,,,,7.1273517609,,,3.764673233,10.0398635864,,7.0462408066,,7.1295309067,
275,,,,,,,,,,,,,,,,,,,,,,,,,,,,,,,,,,,,,,,,,,,,,,,,,,,,,1.2251995802,,,,7.4362673759,,,,,,,3.4999892712,,,,,,,,,,,0.038393978,,,,,,,,,,3.6809399128,,,,,,,,,,,,,,0.8686542511,,,,4.5369491577,,,,,,,,,,,,,,,,,,,,,,,,,,,,,,,,,,,,,,0.0173452254,,,,,,,,,7.2838630676,10.2002325058,,,,,,3.7003209591,,,,,,,,,,,,,,,,,,,,,,,,,7.0747270584,,,3.7382836342,10.0110263824,,7.0275230408,,7.2618575096,
280,,,,,,,,,,,,,,,,,,,,,,,,,,,,,,,,,,,,,,,,,,,,,,,,,,,,,1.2045782804,,,,7.4474492073,,,,,,,3.5356450081,,,,,,,,,,,1.463670969,,,,,,,,,,3.685811758,,,,,,,,,,,,,,0.7565140724,,,,4.5437550545,,,,,,,,,,,,,,,,,,,,,,,,,,,,,,,,,,,,,,0.5617773533,,,,,,,,,7.2921395302,10.2289505005,,,,,,3.7083616257,,,,,,,,,,,,,,,,,,,,,,,,,7.1156787872,,,3.7391552925,10.1003551483,,7.0051746368,,7.1963558197,
285,,,,,,,,,,,,,,,,,,,,,,,,,,,,,,,,,,,,,,,,,,,,,,,,,,,,,1.2421178818,,,,7.40772295,,,,,,,3.5449826717,,,,,,,,,,,1.1009253263,,,,,,,,,,3.7244186401,,,,,,,,,,,,,,0.0341877304,,,,4.5153150558,,,,,,,,,,,,,,,,,,,,,,,,,,,,,,,,,,,,,,0.0150900474,,,,,,,,,7.2880969048,10.2281446457,,,,,,3.6924495697,,,,,,,,,,,,,,,,,,,,,,,,,7.0899543762,,,3.6067531109,10.0462055206,,7.0230031013,,7.2349801064,
290,,,,,,,,,,,,,,,,,,,,,,,,,,,,,,,,,,,,,,,,,,,,,,,,,,,,,1.2253286839,,,,7.4345340729,,,,,,,3.536441803,,,,,,,,,,,0.0331770778,,,,,,,,,,3.7081105709,,,,,,,,,,,,,,,,,,4.5285272598,,,,,,,,,,,,,,,,,,,,,,,,,,,,,,,,,,,,,,,,,,,,,,,7.2963757515,4.4061627388,,,,,,3.7380137444,,,,,,,,,,,,,,,,,,,,,,,,,7.1055879593,,,3.7627575397,10.0540132523,,6.9871921539,,7.2608346939,
295,,,,,,,,,,,,,,,,,,,,,,,,,,,,,,,,,,,,,,,,,,,,,,,,,,,,,1.2301933765,,,,7.3198456764,,,,,,,3.5450024605,,,,,,,,,,,0.9155540466,,,,,,,,,,3.7396197319,,,,,,,,,,,,,,,,,,4.554292202,,,,,,,,,,,,,,,,,,,,,,,,,,,,,,,,,,,,,,,,,,,,,,,7.3405504227,4.4339895248,,,,,,3.7131643295,,,,,,,,,,,,,,,,,,,,,,,,,7.1079492569,,,3.7694473267,9.9663324356,,6.9956989288,,7.1697673798,
300,,,,,,,,,,,,,,,,,,,,,,,,,,,,,,,,,,,,,,,,,,,,,,,,,,,,,1.2265667915,,,,0.0342240259,,,,,,,3.5481603146,,,,,,,,,,,0.0370445214,,,,,,,,,,3.7283360958,,,,,,,,,,,,,,,,,,4.5576543808,,,,,,,,,,,,,,,,,,,,,,,,,,,,,,,,,,,,,,,,,,,,,,,7.2539691925,4.4361009598,,,,,,3.7076909542,,,,,,,,,,,,,,,,,,,,,,,,,7.1129903793,,,3.7811214924,4.3813047409,,7.008439064,,7.2240171432,
305,,,,,,,,,,,,,,,,,,,,,,,,,,,,,,,,,,,,,,,,,,,,,,,,,,,,,-0.0180146284,,,,,,,,,,,3.4321055412,,,,,,,,,,,,,,,,,,,,,3.7577130795,,,,,,,,,,,,,,,,,,4.5504231453,,,,,,,,,,,,,,,,,,,,,,,,,,,,,,,,,,,,,,,,,,,,,,,7.3133292198,4.4285449982,,,,,,3.7146394253,,,,,,,,,,,,,,,,,,,,,,,,,7.106616497,,,3.7835347652,4.392138958,,6.9883522987,,7.2052268982,
310,,,,,,,,,,,,,,,,,,,,,,,,,,,,,,,,,,,,,,,,,,,,,,,,,,,,,,,,,,,,,,,,3.540222168,,,,,,,,,,,,,,,,,,,,,3.7532951832,,,,,,,,,,,,,,,,,,4.5518507957,,,,,,,,,,,,,,,,,,,,,,,,,,,,,,,,,,,,,,,,,,,,,,,0.0005911207,4.4171800613,,,,,,3.7231850624,,,,,,,,,,,,,,,,,,,,,,,,,7.0946092606,,,3.7905404568,4.4044294357,,6.9868311882,,7.1951417923,
315,,,,,,,,,,,,,,,,,,,,,,,,,,,,,,,,,,,,,,,,,,,,,,,,,,,,,,,,,,,,,,,,3.3655679226,,,,,,,,,,,,,,,,,,,,,3.775261879,,,,,,,,,,,,,,,,,,0.0006099982,,,,,,,,,,,,,,,,,,,,,,,,,,,,,,,,,,,,,,,,,,,,,,,,4.4340677261,,,,,,3.697791338,,,,,,,,,,,,,,,,,,,,,,,,,7.104113102,,,3.7986123562,4.4052362442,,7.00426054,,7.2279438972,
320,,,,,,,,,,,,,,,,,,,,,,,,,,,,,,,,,,,,,,,,,,,,,,,,,,,,,,,,,,,,,,,,3.6107177734,,,,,,,,,,,,,,,,,,,,,3.7136464119,,,,,,,,,,,,,,,,,,,,,,,,,,,,,,,,,,,,,,,,,,,,,,,,,,,,,,,,,,,,,,,,,,4.4374341965,,,,,,3.7015008926,,,,,,,,,,,,,,,,,,,,,,,,,7.1203989983,,,3.7851936817,4.4070920944,,7.0296487808,,7.1950464249,
325,,,,,,,,,,,,,,,,,,,,,,,,,,,,,,,,,,,,,,,,,,,,,,,,,,,,,,,,,,,,,,,,3.3570404053,,,,,,,,,,,,,,,,,,,,,3.7165219784,,,,,,,,,,,,,,,,,,,,,,,,,,,,,,,,,,,,,,,,,,,,,,,,,,,,,,,,,,,,,,,,,,4.4348917007,,,,,,3.7211539745,,,,,,,,,,,,,,,,,,,,,,,,,7.153775692,,,3.787399292,4.4249606133,,7.0200352669,,7.2558465004,
330,,,,,,,,,,,,,,,,,,,,,,,,,,,,,,,,,,,,,,,,,,,,,,,,,,,,,,,,,,,,,,,,3.4735572338,,,,,,,,,,,,,,,,,,,,,3.7262442112,,,,,,,,,,,,,,,,,,,,,,,,,,,,,,,,,,,,,,,,,,,,,,,,,,,,,,,,,,,,,,,,,,4.4430327415,,,,,,3.751209259,,,,,,,,,,,,,,,,,,,,,,,,,7.146548748,,,3.7778673172,4.4186687469,,7.072479248,,7.2700161934,
335,,,,,,,,,,,,,,,,,,,,,,,,,,,,,,,,,,,,,,,,,,,,,,,,,,,,,,,,,,,,,,,,3.4164206982,,,,,,,,,,,,,,,,,,,,,3.7323412895,,,,,,,,,,,,,,,,,,,,,,,,,,,,,,,,,,,,,,,,,,,,,,,,,,,,,,,,,,,,,,,,,,4.4417123795,,,,,,3.7014372349,,,,,,,,,,,,,,,,,,,,,,,,,7.1564531326,,,3.7856433392,4.4181613922,,0.0005767267,,7.0977210999,
340,,,,,,,,,,,,,,,,,,,,,,,,,,,,,,,,,,,,,,,,,,,,,,,,,,,,,,,,,,,,,,,,3.453877449,,,,,,,,,,,,,,,,,,,,,3.730587244,,,,,,,,,,,,,,,,,,,,,,,,,,,,,,,,,,,,,,,,,,,,,,,,,,,,,,,,,,,,,,,,,,4.4759554863,,,,,,3.7175140381,,,,,,,,,,,,,,,,,,,,,,,,,7.1256613731,,,3.7908520699,4.415104866,,,,7.1293616295,
345,,,,,,,,,,,,,,,,,,,,,,,,,,,,,,,,,,,,,,,,,,,,,,,,,,,,,,,,,,,,,,,,-0.0367848054,,,,,,,,,,,,,,,,,,,,,3.6956267357,,,,,,,,,,,,,,,,,,,,,,,,,,,,,,,,,,,,,,,,,,,,,,,,,,,,,,,,,,,,,,,,,,4.4691839218,,,,,,3.7217776775,,,,,,,,,,,,,,,,,,,,,,,,,7.1813602448,,,3.8002183437,4.4408483505,,,,7.1292953491,
350,,,,,,,,,,,,,,,,,,,,,,,,,,,,,,,,,,,,,,,,,,,,,,,,,,,,,,,,,,,,,,,,,,,,,,,,,,,,,,,,,,,,,2.1912722588,,,,,,,,,,,,,,,,,,,,,,,,,,,,,,,,,,,,,,,,,,,,,,,,,,,,,,,,,,,,,,,,,,4.4468746185,,,,,,3.715775013,,,,,,,,,,,,,,,,,,,,,,,,,7.132194519,,,3.8037316799,4.432217598,,,,7.0979709625,
355,,,,,,,,,,,,,,,,,,,,,,,,,,,,,,,,,,,,,,,,,,,,,,,,,,,,,,,,,,,,,,,,,,,,,,,,,,,,,,,,,,,,,1.5647597313,,,,,,,,,,,,,,,,,,,,,,,,,,,,,,,,,,,,,,,,,,,,,,,,,,,,,,,,,,,,,,,,,,4.4677877426,,,,,,3.717751503,,,,,,,,,,,,,,,,,,,,,,,,,7.1577959061,,,3.7263932228,4.4237618446,,,,7.0595374107,
360,,,,,,,,,,,,,,,,,,,,,,,,,,,,,,,,,,,,,,,,,,,,,,,,,,,,,,,,,,,,,,,,,,,,,,,,,,,,,,,,,,,,,0.0459833629,,,,,,,,,,,,,,,,,,,,,,,,,,,,,,,,,,,,,,,,,,,,,,,,,,,,,,,,,,,,,,,,,,4.4773845673,,,,,,3.7591519356,,,,,,,,,,,,,,,,,,,,,,,,,7.1192612648,,,3.7343711853,4.4201898575,,,,7.1088199615,
365,,,,,,,,,,,,,,,,,,,,,,,,,,,,,,,,,,,,,,,,,,,,,,,,,,,,,,,,,,,,,,,,,,,,,,,,,,,,,,,,,,,,,,,,,,,,,,,,,,,,,,,,,,,,,,,,,,,,,,,,,,,,,,,,,,,,,,,,,,,,,,,,,,,,,,,4.481675148,,,,,,3.6935534477,,,,,,,,,,,,,,,,,,,,,,,,,7.1762285233,,,3.733194828,4.4431004524,,,,7.1380572319,
370,,,,,,,,,,,,,,,,,,,,,,,,,,,,,,,,,,,,,,,,,,,,,,,,,,,,,,,,,,,,,,,,,,,,,,,,,,,,,,,,,,,,,,,,,,,,,,,,,,,,,,,,,,,,,,,,,,,,,,,,,,,,,,,,,,,,,,,,,,,,,,,,,,,,,,,0.000610857,,,,,,3.6969566345,,,,,,,,,,,,,,,,,,,,,,,,,7.1728019714,,,3.7465922832,0.0005827236,,,,7.1070709229,
375,,,,,,,,,,,,,,,,,,,,,,,,,,,,,,,,,,,,,,,,,,,,,,,,,,,,,,,,,,,,,,,,,,,,,,,,,,,,,,,,,,,,,,,,,,,,,,,,,,,,,,,,,,,,,,,,,,,,,,,,,,,,,,,,,,,,,,,,,,,,,,,,,,,,,,,,,,,,,3.7182035446,,,,,,,,,,,,,,,,,,,,,,,,,7.1310806274,,,3.7543752193,,,,,7.1409516335,
380,,,,,,,,,,,,,,,,,,,,,,,,,,,,,,,,,,,,,,,,,,,,,,,,,,,,,,,,,,,,,,,,,,,,,,,,,,,,,,,,,,,,,,,,,,,,,,,,,,,,,,,,,,,,,,,,,,,,,,,,,,,,,,,,,,,,,,,,,,,,,,,,,,,,,,,,,,,,,3.716203928,,,,,,,,,,,,,,,,,,,,,,,,,7.1576728821,,,3.6287276745,,,,,7.1248750687,
385,,,,,,,,,,,,,,,,,,,,,,,,,,,,,,,,,,,,,,,,,,,,,,,,,,,,,,,,,,,,,,,,,,,,,,,,,,,,,,,,,,,,,,,,,,,,,,,,,,,,,,,,,,,,,,,,,,,,,,,,,,,,,,,,,,,,,,,,,,,,,,,,,,,,,,,,,,,,,3.6905987263,,,,,,,,,,,,,,,,,,,,,,,,,7.1973352432,,,3.6573498249,,,,,7.0860319138,
390,,,,,,,,,,,,,,,,,,,,,,,,,,,,,,,,,,,,,,,,,,,,,,,,,,,,,,,,,,,,,,,,,,,,,,,,,,,,,,,,,,,,,,,,,,,,,,,,,,,,,,,,,,,,,,,,,,,,,,,,,,,,,,,,,,,,,,,,,,,,,,,,,,,,,,,,,,,,,3.6987197399,,,,,,,,,,,,,,,,,,,,,,,,,7.1931171417,,,3.6464276314,,,,,7.0993876457,
395,,,,,,,,,,,,,,,,,,,,,,,,,,,,,,,,,,,,,,,,,,,,,,,,,,,,,,,,,,,,,,,,,,,,,,,,,,,,,,,,,,,,,,,,,,,,,,,,,,,,,,,,,,,,,,,,,,,,,,,,,,,,,,,,,,,,,,,,,,,,,,,,,,,,,,,,,,,,,3.6721918583,,,,,,,,,,,,,,,,,,,,,,,,,7.1581716537,,,3.6485359669,,,,,7.2317724228,
400,,,,,,,,,,,,,,,,,,,,,,,,,,,,,,,,,,,,,,,,,,,,,,,,,,,,,,,,,,,,,,,,,,,,,,,,,,,,,,,,,,,,,,,,,,,,,,,,,,,,,,,,,,,,,,,,,,,,,,,,,,,,,,,,,,,,,,,,,,,,,,,,,,,,,,,,,,,,,3.6974675655,,,,,,,,,,,,,,,,,,,,,,,,,7.1633005142,,,1.4561932087,,,,,7.2133016586,
405,,,,,,,,,,,,,,,,,,,,,,,,,,,,,,,,,,,,,,,,,,,,,,,,,,,,,,,,,,,,,,,,,,,,,,,,,,,,,,,,,,,,,,,,,,,,,,,,,,,,,,,,,,,,,,,,,,,,,,,,,,,,,,,,,,,,,,,,,,,,,,,,,,,,,,,,,,,,,3.6995866299,,,,,,,,,,,,,,,,,,,,,,,,,7.1353654861,,,1.4428515434,,,,,7.2063646317,
410,,,,,,,,,,,,,,,,,,,,,,,,,,,,,,,,,,,,,,,,,,,,,,,,,,,,,,,,,,,,,,,,,,,,,,,,,,,,,,,,,,,,,,,,,,,,,,,,,,,,,,,,,,,,,,,,,,,,,,,,,,,,,,,,,,,,,,,,,,,,,,,,,,,,,,,,,,,,,3.6768786907,,,,,,,,,,,,,,,,,,,,,,,,,7.1655826569,,,1.4715077877,,,,,7.1553850174,
415,,,,,,,,,,,,,,,,,,,,,,,,,,,,,,,,,,,,,,,,,,,,,,,,,,,,,,,,,,,,,,,,,,,,,,,,,,,,,,,,,,,,,,,,,,,,,,,,,,,,,,,,,,,,,,,,,,,,,,,,,,,,,,,,,,,,,,,,,,,,,,,,,,,,,,,,,,,,,3.6897201538,,,,,,,,,,,,,,,,,,,,,,,,,7.1598210335,,,0.0255698934,,,,,7.1253585815,
420,,,,,,,,,,,,,,,,,,,,,,,,,,,,,,,,,,,,,,,,,,,,,,,,,,,,,,,,,,,,,,,,,,,,,,,,,,,,,,,,,,,,,,,,,,,,,,,,,,,,,,,,,,,,,,,,,,,,,,,,,,,,,,,,,,,,,,,,,,,,,,,,,,,,,,,,,,,,,3.6796693802,,,,,,,,,,,,,,,,,,,,,,,,,7.1836986542,,,,,,,,7.1952834129,
425,,,,,,,,,,,,,,,,,,,,,,,,,,,,,,,,,,,,,,,,,,,,,,,,,,,,,,,,,,,,,,,,,,,,,,,,,,,,,,,,,,,,,,,,,,,,,,,,,,,,,,,,,,,,,,,,,,,,,,,,,,,,,,,,,,,,,,,,,,,,,,,,,,,,,,,,,,,,,3.681334734,,,,,,,,,,,,,,,,,,,,,,,,,7.1802902222,,,,,,,,0.020982299,
430,,,,,,,,,,,,,,,,,,,,,,,,,,,,,,,,,,,,,,,,,,,,,,,,,,,,,,,,,,,,,,,,,,,,,,,,,,,,,,,,,,,,,,,,,,,,,,,,,,,,,,,,,,,,,,,,,,,,,,,,,,,,,,,,,,,,,,,,,,,,,,,,,,,,,,,,,,,,,3.7633569241,,,,,,,,,,,,,,,,,,,,,,,,,7.179810524,,,,,,,,,
435,,,,,,,,,,,,,,,,,,,,,,,,,,,,,,,,,,,,,,,,,,,,,,,,,,,,,,,,,,,,,,,,,,,,,,,,,,,,,,,,,,,,,,,,,,,,,,,,,,,,,,,,,,,,,,,,,,,,,,,,,,,,,,,,,,,,,,,,,,,,,,,,,,,,,,,,,,,,,3.696698904,,,,,,,,,,,,,,,,,,,,,,,,,7.1821908951,,,,,,,,,
440,,,,,,,,,,,,,,,,,,,,,,,,,,,,,,,,,,,,,,,,,,,,,,,,,,,,,,,,,,,,,,,,,,,,,,,,,,,,,,,,,,,,,,,,,,,,,,,,,,,,,,,,,,,,,,,,,,,,,,,,,,,,,,,,,,,,,,,,,,,,,,,,,,,,,,,,,,,,,3.7111856937,,,,,,,,,,,,,,,,,,,,,,,,,7.1867399216,,,,,,,,,
445,,,,,,,,,,,,,,,,,,,,,,,,,,,,,,,,,,,,,,,,,,,,,,,,,,,,,,,,,,,,,,,,,,,,,,,,,,,,,,,,,,,,,,,,,,,,,,,,,,,,,,,,,,,,,,,,,,,,,,,,,,,,,,,,,,,,,,,,,,,,,,,,,,,,,,,,,,,,,3.7335309982,,,,,,,,,,,,,,,,,,,,,,,,,7.1972608566,,,,,,,,,
450,,,,,,,,,,,,,,,,,,,,,,,,,,,,,,,,,,,,,,,,,,,,,,,,,,,,,,,,,,,,,,,,,,,,,,,,,,,,,,,,,,,,,,,,,,,,,,,,,,,,,,,,,,,,,,,,,,,,,,,,,,,,,,,,,,,,,,,,,,,,,,,,,,,,,,,,,,,,,3.6807341576,,,,,,,,,,,,,,,,,,,,,,,,,7.2041225433,,,,,,,,,
455,,,,,,,,,,,,,,,,,,,,,,,,,,,,,,,,,,,,,,,,,,,,,,,,,,,,,,,,,,,,,,,,,,,,,,,,,,,,,,,,,,,,,,,,,,,,,,,,,,,,,,,,,,,,,,,,,,,,,,,,,,,,,,,,,,,,,,,,,,,,,,,,,,,,,,,,,,,,,3.6866292953,,,,,,,,,,,,,,,,,,,,,,,,,7.2244739532,,,,,,,,,
460,,,,,,,,,,,,,,,,,,,,,,,,,,,,,,,,,,,,,,,,,,,,,,,,,,,,,,,,,,,,,,,,,,,,,,,,,,,,,,,,,,,,,,,,,,,,,,,,,,,,,,,,,,,,,,,,,,,,,,,,,,,,,,,,,,,,,,,,,,,,,,,,,,,,,,,,,,,,,3.7338285446,,,,,,,,,,,,,,,,,,,,,,,,,7.2091379166,,,,,,,,,
465,,,,,,,,,,,,,,,,,,,,,,,,,,,,,,,,,,,,,,,,,,,,,,,,,,,,,,,,,,,,,,,,,,,,,,,,,,,,,,,,,,,,,,,,,,,,,,,,,,,,,,,,,,,,,,,,,,,,,,,,,,,,,,,,,,,,,,,,,,,,,,,,,,,,,,,,,,,,,3.6896350384,,,,,,,,,,,,,,,,,,,,,,,,,7.2302160263,,,,,,,,,
470,,,,,,,,,,,,,,,,,,,,,,,,,,,,,,,,,,,,,,,,,,,,,,,,,,,,,,,,,,,,,,,,,,,,,,,,,,,,,,,,,,,,,,,,,,,,,,,,,,,,,,,,,,,,,,,,,,,,,,,,,,,,,,,,,,,,,,,,,,,,,,,,,,,,,,,,,,,,,3.6949007511,,,,,,,,,,,,,,,,,,,,,,,,,7.2027068138,,,,,,,,,
475,,,,,,,,,,,,,,,,,,,,,,,,,,,,,,,,,,,,,,,,,,,,,,,,,,,,,,,,,,,,,,,,,,,,,,,,,,,,,,,,,,,,,,,,,,,,,,,,,,,,,,,,,,,,,,,,,,,,,,,,,,,,,,,,,,,,,,,,,,,,,,,,,,,,,,,,,,,,,3.7322349548,,,,,,,,,,,,,,,,,,,,,,,,,7.1964359283,,,,,,,,,
480,,,,,,,,,,,,,,,,,,,,,,,,,,,,,,,,,,,,,,,,,,,,,,,,,,,,,,,,,,,,,,,,,,,,,,,,,,,,,,,,,,,,,,,,,,,,,,,,,,,,,,,,,,,,,,,,,,,,,,,,,,,,,,,,,,,,,,,,,,,,,,,,,,,,,,,,,,,,,3.7012116909,,,,,,,,,,,,,,,,,,,,,,,,,7.1870336533,,,,,,,,,
485,,,,,,,,,,,,,,,,,,,,,,,,,,,,,,,,,,,,,,,,,,,,,,,,,,,,,,,,,,,,,,,,,,,,,,,,,,,,,,,,,,,,,,,,,,,,,,,,,,,,,,,,,,,,,,,,,,,,,,,,,,,,,,,,,,,,,,,,,,,,,,,,,,,,,,,,,,,,,3.7194530964,,,,,,,,,,,,,,,,,,,,,,,,,0.0005894966,,,,,,,,,
490,,,,,,,,,,,,,,,,,,,,,,,,,,,,,,,,,,,,,,,,,,,,,,,,,,,,,,,,,,,,,,,,,,,,,,,,,,,,,,,,,,,,,,,,,,,,,,,,,,,,,,,,,,,,,,,,,,,,,,,,,,,,,,,,,,,,,,,,,,,,,,,,,,,,,,,,,,,,,2.4638767242,,,,,,,,,,,,,,,,,,,,,,,,,,,,,,,,,,
495,,,,,,,,,,,,,,,,,,,,,,,,,,,,,,,,,,,,,,,,,,,,,,,,,,,,,,,,,,,,,,,,,,,,,,,,,,,,,,,,,,,,,,,,,,,,,,,,,,,,,,,,,,,,,,,,,,,,,,,,,,,,,,,,,,,,,,,,,,,,,,,,,,,,,,,,,,,,,1.6671984196,,,,,,,,,,,,,,,,,,,,,,,,,,,,,,,,,,
500,,,,,,,,,,,,,,,,,,,,,,,,,,,,,,,,,,,,,,,,,,,,,,,,,,,,,,,,,,,,,,,,,,,,,,,,,,,,,,,,,,,,,,,,,,,,,,,,,,,,,,,,,,,,,,,,,,,,,,,,,,,,,,,,,,,,,,,,,,,,,,,,,,,,,,,,,,,,,1.2348555326,,,,,,,,,,,,,,,,,,,,,,,,,,,,,,,,,,
505,,,,,,,,,,,,,,,,,,,,,,,,,,,,,,,,,,,,,,,,,,,,,,,,,,,,,,,,,,,,,,,,,,,,,,,,,,,,,,,,,,,,,,,,,,,,,,,,,,,,,,,,,,,,,,,,,,,,,,,,,,,,,,,,,,,,,,,,,,,,,,,,,,,,,,,,,,,,,0.9702322483,,,,,,,,,,,,,,,,,,,,,,,,,,,,,,,,,,
510,,,,,,,,,,,,,,,,,,,,,,,,,,,,,,,,,,,,,,,,,,,,,,,,,,,,,,,,,,,,,,,,,,,,,,,,,,,,,,,,,,,,,,,,,,,,,,,,,,,,,,,,,,,,,,,,,,,,,,,,,,,,,,,,,,,,,,,,,,,,,,,,,,,,,,,,,,,,,0.8480349779,,,,,,,,,,,,,,,,,,,,,,,,,,,,,,,,,,
515,,,,,,,,,,,,,,,,,,,,,,,,,,,,,,,,,,,,,,,,,,,,,,,,,,,,,,,,,,,,,,,,,,,,,,,,,,,,,,,,,,,,,,,,,,,,,,,,,,,,,,,,,,,,,,,,,,,,,,,,,,,,,,,,,,,,,,,,,,,,,,,,,,,,,,,,,,,,,0.6426360607,,,,,,,,,,,,,,,,,,,,,,,,,,,,,,,,,,
520,,,,,,,,,,,,,,,,,,,,,,,,,,,,,,,,,,,,,,,,,,,,,,,,,,,,,,,,,,,,,,,,,,,,,,,,,,,,,,,,,,,,,,,,,,,,,,,,,,,,,,,,,,,,,,,,,,,,,,,,,,,,,,,,,,,,,,,,,,,,,,,,,,,,,,,,,,,,,0.0333137959,,,,,,,,,,,,,,,,,,,,,,,,,,,,,,,,,,
525,,,,,,,,,,,,,,,,,,,,,,,,,,,,,,,,,,,,,,,,,,,,,,,,,,,,,,,,,,,,,,,,,,,,,,,,,,,,,,,,,,,,,,,,,,,,,,,,,,,,,,,,,,,,,,,,,,,,,,,,,,,,,,,,,,,,,,,,,,,,,,,,,,,,,,,,,,,,,0.7414377928,,,,,,,,,,,,,,,,,,,,,,,,,,,,,,,,,,
530,,,,,,,,,,,,,,,,,,,,,,,,,,,,,,,,,,,,,,,,,,,,,,,,,,,,,,,,,,,,,,,,,,,,,,,,,,,,,,,,,,,,,,,,,,,,,,,,,,,,,,,,,,,,,,,,,,,,,,,,,,,,,,,,,,,,,,,,,,,,,,,,,,,,,,,,,,,,,0.0299926568,,,,,,,,,,,,,,,,,,,,,,,,,,,,,,,,,,
535,,,,,,,,,,,,,,,,,,,,,,,,,,,,,,,,,,,,,,,,,,,,,,,,,,,,,,,,,,,,,,,,,,,,,,,,,,,,,,,,,,,,,,,,,,,,,,,,,,,,,,,,,,,,,,,,,,,,,,,,,,,,,,,,,,,,,,,,,,,,,,,,,,,,,,,,,,,,,0.6251572371,,,,,,,,,,,,,,,,,,,,,,,,,,,,,,,,,,
540,,,,,,,,,,,,,,,,,,,,,,,,,,,,,,,,,,,,,,,,,,,,,,,,,,,,,,,,,,,,,,,,,,,,,,,,,,,,,,,,,,,,,,,,,,,,,,,,,,,,,,,,,,,,,,,,,,,,,,,,,,,,,,,,,,,,,,,,,,,,,,,,,,,,,,,,,,,,,0.0130812703,,,,,,,,,,,,,,,,,,,,,,,,,,,,,,,,,,
